entity_id,entity_type,name_zh,original_name,canonical_status,origin_count,origin_refs,normalization_basis,issue_codes
V1-ENT-0001,place,阿根廷,Argentina,merged_exact,2,STG-ENT-0001;B02-ENT-0025,N2 暂存已通过实体层（ENTITY_ID_MAP）;B02 批次已通过实体层;A02 exact merge approved for formal V1 candidate mapping,NONE
V1-ENT-0002,author,豪尔赫·路易斯·博尔赫斯,Jorge Luis Borges,retained,1,STG-ENT-0002,N2 暂存已通过实体层（ENTITY_ID_MAP）,NONE
V1-ENT-0003,work,《小径分岔的花园》,El jardín de senderos que se bifurcan,retained,1,STG-ENT-0003,N2 暂存已通过实体层（ENTITY_ID_MAP）,NONE
V1-ENT-0004,work,《阿莱夫》,El Aleph,retained,1,STG-ENT-0004,N2 暂存已通过实体层（ENTITY_ID_MAP）,NONE
V1-ENT-0005,author,阿图尔·叔本华,Arthur Schopenhauer,retained,1,STG-ENT-0005,N2 暂存已通过实体层（ENTITY_ID_MAP）,NONE
V1-ENT-0006,author,弗兰茨·卡夫卡,Franz Kafka,retained,1,STG-ENT-0006,N2 暂存已通过实体层（ENTITY_ID_MAP）,NONE
V1-ENT-0007,author,吉尔伯特·基思·切斯特顿,G. K. Chesterton,retained,1,STG-ENT-0007,N2 暂存已通过实体层（ENTITY_ID_MAP）,NONE
V1-ENT-0008,place,阿什格罗夫,Ashgrove,retained,1,STG-ENT-0008,N2 暂存已通过实体层（ENTITY_ID_MAP）,NONE
V1-ENT-0009,place,加雷街,calle Garay,retained,1,STG-ENT-0009,N2 暂存已通过实体层（ENTITY_ID_MAP）,NONE
V1-ENT-0010,movement,极端主义（超主义）,ultraísmo,retained,1,STG-ENT-0010,N2 暂存已通过实体层（ENTITY_ID_MAP）,NONE
V1-ENT-0011,collection,《虚构集》,Ficciones,retained,1,STG-ENT-0011,N2 暂存已通过实体层（ENTITY_ID_MAP）,NONE
V1-ENT-0012,collection,《阿莱夫》,El Aleph,retained,1,STG-ENT-0012,N2 暂存已通过实体层（ENTITY_ID_MAP）,NONE
V1-ENT-0013,theme,时间的分岔与无限（多重未来）,,retained,1,STG-ENT-0013,N2 暂存已通过实体层（ENTITY_ID_MAP）,NONE
V1-ENT-0014,theme,记忆与遗忘,memoria y olvido,merged_exact,2,STG-ENT-0014;B01-ENT-0039,N2 暂存已通过实体层（ENTITY_ID_MAP）;B01 批次已通过实体层;A02 exact merge approved for formal V1 candidate mapping,NONE
V1-ENT-0015,theme,无限与不可言说（阿莱夫）,,retained,1,STG-ENT-0015,N2 暂存已通过实体层（ENTITY_ID_MAP）,NONE
V1-ENT-0016,author,克拉丽丝·李斯佩克朵,Clarice Lispector,retained,1,STG-ENT-0016,N2 暂存已通过实体层（ENTITY_ID_MAP）,NONE
V1-ENT-0017,work,《活水》,Água viva,retained,1,STG-ENT-0017,N2 暂存已通过实体层（ENTITY_ID_MAP）,NONE
V1-ENT-0018,work,《星辰时刻》,A hora da estrela,retained,1,STG-ENT-0018,N2 暂存已通过实体层（ENTITY_ID_MAP）,NONE
V1-ENT-0019,collection,《家庭纽带》,Laços de família,retained,1,STG-ENT-0019,N2 暂存已通过实体层（ENTITY_ID_MAP）,NONE
V1-ENT-0020,work,《G.H. 受难》,A paixão segundo G.H.,retained,1,STG-ENT-0020,N2 暂存已通过实体层（ENTITY_ID_MAP）,NONE
V1-ENT-0021,adaptation,《星辰时刻》,A hora da estrela (filme),retained,1,STG-ENT-0021,N2 暂存已通过实体层（ENTITY_ID_MAP）,NONE
V1-ENT-0022,place,里约热内卢,Rio de Janeiro,retained,1,STG-ENT-0022,N2 暂存已通过实体层（ENTITY_ID_MAP）,NONE
V1-ENT-0023,theme,家庭关系与内心生活,,retained,1,STG-ENT-0023,N2 暂存已通过实体层（ENTITY_ID_MAP）,NONE
V1-ENT-0024,theme,时间、当下瞬间与沉默,,retained,1,STG-ENT-0024,N2 暂存已通过实体层（ENTITY_ID_MAP）,NONE
V1-ENT-0025,theme,社会不平等与书写,,retained,1,STG-ENT-0025,N2 暂存已通过实体层（ENTITY_ID_MAP）,NONE
V1-ENT-0026,work,《生命的气息》,Um sopro de vida,retained,1,STG-ENT-0026,N2 暂存已通过实体层（ENTITY_ID_MAP）,NONE
V1-ENT-0027,theme,升华、沉默与女性写作（精神分析视角）,sublimação e feminino,retained,1,STG-ENT-0027,N2 暂存已通过实体层（ENTITY_ID_MAP）,NONE
V1-ENT-0028,theme,女性人物与21世纪再读,,retained,1,STG-ENT-0028,N2 暂存已通过实体层（ENTITY_ID_MAP）,NONE
V1-ENT-0029,author,埃莱娜·加罗,Elena Garro,retained,1,B01-ENT-0001,B01 批次已通过实体层,NONE
V1-ENT-0030,author,罗萨里奥·卡斯特利亚诺斯,Rosario Castellanos,retained,1,B01-ENT-0002,B01 批次已通过实体层,NONE
V1-ENT-0031,author,胡安·鲁尔福,Juan Rulfo,retained,1,B01-ENT-0003,B01 批次已通过实体层,NONE
V1-ENT-0032,work,《未来的回忆》,Los recuerdos del porvenir,retained,1,B01-ENT-0004,B01 批次已通过实体层,NONE
V1-ENT-0033,collection,《彩色的一周》,La semana de colores,retained,1,B01-ENT-0005,B01 批次已通过实体层,NONE
V1-ENT-0034,work,《关于玛丽安娜的证词》,Testimonios sobre Mariana,retained,1,B01-ENT-0006,B01 批次已通过实体层,NONE
V1-ENT-0035,work,《巴伦坎南》,Balún Canán,retained,1,B01-ENT-0007,B01 批次已通过实体层,NONE
V1-ENT-0036,work,《黑暗的职守》,Oficio de tinieblas,retained,1,B01-ENT-0008,B01 批次已通过实体层,NONE
V1-ENT-0037,collection,《诗歌不是你》,Poesía no eres tú,retained,1,B01-ENT-0009,B01 批次已通过实体层,NONE
V1-ENT-0038,work,《佩德罗·巴拉莫》,Pedro Páramo,retained,1,B01-ENT-0010,B01 批次已通过实体层,NONE
V1-ENT-0039,collection,《燃烧的原野》,El Llano en llamas,retained,1,B01-ENT-0011,B01 批次已通过实体层,NONE
V1-ENT-0040,work,《金鸡》,El gallo de oro,retained,1,B01-ENT-0012,B01 批次已通过实体层,NONE
V1-ENT-0041,work,《La culpa es de los tlaxcaltecas》,La culpa es de los tlaxcaltecas,retained,1,B01-ENT-0013,B01 批次已通过实体层,NONE
V1-ENT-0042,adaptation,《未来的回忆》（1968 年电影）,Los recuerdos del porvenir (filme),retained,1,B01-ENT-0014,A02-TC-0018 裁决：1968 年电影按 adaptation 分层,TC-RESOLVED
V1-ENT-0043,edition,Balún-Canán（FCE 2007 版）,Balún-Canán (FCE 2007),retained,1,B01-ENT-0015,B01 批次已通过实体层,NONE
V1-ENT-0044,work,《永恒的女性》,El eterno femenino,retained,1,B01-ENT-0016,B01 批次已通过实体层,NONE
V1-ENT-0045,work,《费利佩·安赫莱斯》,Felipe Ángeles,retained,1,B01-ENT-0017,B01 批次已通过实体层,NONE
V1-ENT-0046,edition,Pedro Páramo（FCE 1964 版）,Pedro Páramo (FCE 1964),retained,1,B01-ENT-0018,B01 批次已通过实体层,NONE
V1-ENT-0047,character,弗朗西斯科·罗萨斯,Francisco Rosas,retained,1,B01-ENT-0019,B01 批次已通过实体层,NONE
V1-ENT-0048,character,胡利娅·安德拉德,Julia Andrade,retained,1,B01-ENT-0020,B01 批次已通过实体层,NONE
V1-ENT-0049,character,胡安·普雷西亚多,Juan Preciado,retained,1,B01-ENT-0021,B01 批次已通过实体层,NONE
V1-ENT-0050,character,佩德罗·巴拉莫（人物）,Pedro Páramo,retained,1,B01-ENT-0022,B01 批次已通过实体层,NONE
V1-ENT-0051,place,墨西哥,México,retained,1,B01-ENT-0023,B01 批次已通过实体层,NONE
V1-ENT-0052,place,恰帕斯,Chiapas,retained,1,B01-ENT-0024,B01 批次已通过实体层,NONE
V1-ENT-0053,place,科米坦,Comitán,retained,1,B01-ENT-0025,B01 批次已通过实体层,NONE
V1-ENT-0054,place,伊斯特佩克,Ixtepec,retained,1,B01-ENT-0026,B01 批次已通过实体层,NONE
V1-ENT-0055,place,科马拉,Comala,retained,1,B01-ENT-0027,B01 批次已通过实体层,NONE
V1-ENT-0056,place,墨西哥城,Ciudad de México,retained,1,B01-ENT-0028,B01 批次已通过实体层,NONE
V1-ENT-0057,place,圣加布里埃尔,San Gabriel,retained,1,B01-ENT-0029,B01 批次已通过实体层,NONE
V1-ENT-0058,person,阿图罗·里普斯坦,Arturo Ripstein,retained,1,B01-ENT-0030,B01 批次已通过实体层,NONE
V1-ENT-0059,author,奥克塔维奥·帕斯,Octavio Paz,retained,1,B01-ENT-0031,B01 批次已通过实体层,NONE
V1-ENT-0060,institution,经济文化基金出版社,Fondo de Cultura Económica,retained,1,B01-ENT-0032,B01 批次已通过实体层,NONE
V1-ENT-0061,institution,华金·莫蒂斯出版社,Joaquín Mortiz,retained,1,B01-ENT-0033,B01 批次已通过实体层,NONE
V1-ENT-0062,institution,墨西哥国立自治大学,Universidad Nacional Autónoma de México,retained,1,B01-ENT-0034,B01 批次已通过实体层,NONE
V1-ENT-0063,institution,墨西哥国立原住民研究所,Instituto Nacional Indigenista,retained,1,B01-ENT-0035,B01 批次已通过实体层,NONE
V1-ENT-0064,movement,墨西哥革命小说,novela de la Revolución Mexicana,retained,1,B01-ENT-0036,B01 批次已通过实体层,NONE
V1-ENT-0065,event,基督战争,Guerra Cristera,retained,1,B01-ENT-0037,B01 批次已通过实体层,NONE
V1-ENT-0066,event,1968 年特拉特洛尔科事件与加罗流亡,Movimiento de 1968 y exilio de Elena Garro,retained,1,B01-ENT-0038,B01 批次已通过实体层,NONE
V1-ENT-0067,theme,时间与历史,tiempo e historia,retained,1,B01-ENT-0040,B01 批次已通过实体层,NONE
V1-ENT-0068,theme,暴力与语言,violencia y lenguaje,retained,1,B01-ENT-0041,B01 批次已通过实体层,NONE
V1-ENT-0069,theme,沉默,el silencio,retained,1,B01-ENT-0042,B01 批次已通过实体层,NONE
V1-ENT-0070,theme,革命与基督战争,Revolución y Cristiada,retained,1,B01-ENT-0043,B01 批次已通过实体层,NONE
V1-ENT-0071,theme,乡村与革命后的土地,campo y posrevolución,retained,1,B01-ENT-0044,B01 批次已通过实体层,NONE
V1-ENT-0072,author,加西亚·马尔克斯,Gabriel García Márquez,retained,1,B02-ENT-0001,B02 批次已通过实体层,NONE
V1-ENT-0073,author,胡利奥·科塔萨尔,Julio Cortázar,retained,1,B02-ENT-0002,B02 批次已通过实体层,NONE
V1-ENT-0074,author,阿莱霍·卡彭铁尔,Alejo Carpentier,retained,1,B02-ENT-0003,B02 批次已通过实体层,NONE
V1-ENT-0075,work,《百年孤独》,Cien años de soledad,retained,1,B02-ENT-0004,B02 批次已通过实体层,NONE
V1-ENT-0076,work,《没有人给他写信的上校》,El coronel no tiene quien le escriba,retained,1,B02-ENT-0005,B02 批次已通过实体层,NONE
V1-ENT-0077,work,《一桩事先张扬的凶杀案》,Crónica de una muerte anunciada,retained,1,B02-ENT-0006,B02 批次已通过实体层,NONE
V1-ENT-0078,work,《跳房子》,Rayuela,retained,1,B02-ENT-0007,B02 批次已通过实体层,NONE
V1-ENT-0079,work,《人间王国》,El reino de este mundo,retained,1,B02-ENT-0008,B02 批次已通过实体层,NONE
V1-ENT-0080,work,《消逝的足迹》,Los pasos perdidos,retained,1,B02-ENT-0009,B02 批次已通过实体层,NONE
V1-ENT-0081,work,《光明世纪》,El siglo de las luces,retained,1,B02-ENT-0010,B02 批次已通过实体层,NONE
V1-ENT-0082,collection,《动物寓言集》,Bestiario,retained,1,B02-ENT-0011,B02 批次已通过实体层,NONE
V1-ENT-0083,collection,《游戏的终结》,Final del juego,retained,1,B02-ENT-0012,B02 批次已通过实体层,NONE
V1-ENT-0084,work,《另一个天空》,El otro cielo,retained,1,B02-ENT-0013,B02 批次已通过实体层,NONE
V1-ENT-0085,work,《口袋里发现的手稿》,Manuscrito hallado en un bolsillo,retained,1,B02-ENT-0014,B02 批次已通过实体层,NONE
V1-ENT-0086,adaptation,《水晶天空》,Der gläserne Himmel,retained,1,B02-ENT-0015,B02 批次已通过实体层,NONE
V1-ENT-0087,adaptation,《地下游戏》,Jogo subterraneo,retained,1,B02-ENT-0016,B02 批次已通过实体层,NONE
V1-ENT-0088,person,妮娜·格罗塞,Nina Grosse,retained,1,B02-ENT-0017,B02 批次已通过实体层,NONE
V1-ENT-0089,person,罗贝托·热尔维茨,Roberto Gervitz,retained,1,B02-ENT-0018,B02 批次已通过实体层,NONE
V1-ENT-0090,character,圣地亚哥·纳萨尔,Santiago Nasar,retained,1,B02-ENT-0019,B02 批次已通过实体层,NONE
V1-ENT-0091,character,上校（《没有人给他写信的上校》人物）,el coronel,retained,1,B02-ENT-0020,B02 批次已通过实体层,NONE
V1-ENT-0092,character,奥古斯丁,Agustín,retained,1,B02-ENT-0021,B02 批次已通过实体层,NONE
V1-ENT-0093,character,马康达尔,Mackandal,retained,1,B02-ENT-0022,B02 批次已通过实体层,NONE
V1-ENT-0094,character,亨利·克里斯托夫,Henri Christophe,retained,1,B02-ENT-0023,B02 批次已通过实体层,NONE
V1-ENT-0095,place,哥伦比亚,Colombia,retained,1,B02-ENT-0024,B02 批次已通过实体层,NONE
V1-ENT-0096,place,古巴,Cuba,retained,1,B02-ENT-0026,B02 批次已通过实体层,NONE
V1-ENT-0097,place,马孔多,Macondo,retained,1,B02-ENT-0027,B02 批次已通过实体层,NONE
V1-ENT-0098,place,阿卡塔卡,Aracataca,retained,1,B02-ENT-0028,B02 批次已通过实体层,NONE
V1-ENT-0099,movement,魔幻现实主义,realismo mágico,retained,1,B02-ENT-0029,B02 批次已通过实体层,NONE
V1-ENT-0100,movement,美洲神奇现实,lo real maravilloso,retained,1,B02-ENT-0030,B02 批次已通过实体层,NONE
V1-ENT-0101,movement,新巴洛克,neobarroco,retained,1,B02-ENT-0031,B02 批次已通过实体层,NONE
V1-ENT-0102,theme,伦理与人性,ética y condición humana,retained,1,B02-ENT-0032,B02 批次已通过实体层,NONE
V1-ENT-0103,theme,贫困与政治暴力,miseria y violencia política,retained,1,B02-ENT-0033,B02 批次已通过实体层,NONE
V1-ENT-0104,theme,罪责与真相的悬置,culpa y verdad suspendida,retained,1,B02-ENT-0034,B02 批次已通过实体层,NONE
V1-ENT-0105,theme,读者参与与反传统叙事,lector activo y narrativa anticanónica,retained,1,B02-ENT-0035,B02 批次已通过实体层,NONE
V1-ENT-0106,theme,梦境与现实的模糊,sueño y realidad,retained,1,B02-ENT-0036,B02 批次已通过实体层,NONE
V1-ENT-0107,theme,面具游戏与自我的折叠,juegos de máscaras y dobleces del yo,retained,1,B02-ENT-0037,B02 批次已通过实体层,NONE
V1-ENT-0108,theme,跨文化与美洲身份,transculturación e identidad latinoamericana,retained,1,B02-ENT-0038,B02 批次已通过实体层,NONE
V1-ENT-0109,theme,美洲与西方传统,América y tradición occidental,retained,1,B02-ENT-0039,B02 批次已通过实体层,NONE
V1-ENT-0110,theme,艺术、启蒙与现代性批判,"arte, Ilustración y crítica de la modernidad",retained,1,B02-ENT-0040,B02 批次已通过实体层,NONE
V1-ENT-0111,theme,城市浪漫与偶然,romance urbano y azar,retained,1,B02-ENT-0041,B02 批次已通过实体层,NONE
V1-ENT-0112,event,1982 年诺贝尔文学奖,Premio Nobel de Literatura 1982,retained,1,B02-ENT-0042,B02 批次已通过实体层,NONE
V1-ENT-0113,institution,塞万提斯学院,Instituto Cervantes,retained,1,B02-ENT-0043,B02 批次已通过实体层,NONE
V1-ENT-0114,author,马里奥·巴尔加斯·略萨,Mario Vargas Llosa,retained,1,B03-ENT-0001,B03 批次已通过实体层,NONE
V1-ENT-0115,author,巴勃罗·聂鲁达,Pablo Neruda,retained,1,B03-ENT-0002,B03 批次已通过实体层,NONE
V1-ENT-0116,work,《城市与狗》,La ciudad y los perros,retained,1,B03-ENT-0003,B03 批次已通过实体层,NONE
V1-ENT-0117,work,《酒吧长谈》,Conversación en La Catedral,retained,1,B03-ENT-0004,B03 批次已通过实体层,NONE
V1-ENT-0118,work,《世界末日之战》,La guerra del fin del mundo,retained,1,B03-ENT-0005,B03 批次已通过实体层,NONE
V1-ENT-0119,collection,《二十首情诗和一支绝望的歌》,Veinte poemas de amor y una canción desesperada,retained,1,B03-ENT-0006,A02-TC-0001/DEC-032 裁决：诗集以 collection 为准,TC-RESOLVED
V1-ENT-0120,collection,《大地上的居所》,Residencia en la tierra,retained,1,B03-ENT-0007,A02-TC-0002/DEC-032 裁决,TC-RESOLVED
V1-ENT-0121,collection,《漫歌》,Canto general,retained,1,B03-ENT-0008,A02-TC-0003/DEC-032 裁决,TC-RESOLVED
V1-ENT-0122,work,《马丘比丘高地》,Alturas de Macchu Picchu,retained,1,B03-ENT-0009,B03 批次已通过实体层,NONE
V1-ENT-0123,place,智利,Chile,retained,1,B03-ENT-0010,B03 批次已通过实体层,NONE
V1-ENT-0124,place,秘鲁,Perú,retained,1,B03-ENT-0011,B03 批次已通过实体层,NONE
V1-ENT-0125,place,利马,Lima,retained,1,B03-ENT-0012,B03 批次已通过实体层,NONE
V1-ENT-0126,place,阿雷基帕,Arequipa,retained,1,B03-ENT-0013,B03 批次已通过实体层,NONE
V1-ENT-0127,place,帕拉尔,Parral,retained,1,B03-ENT-0014,B03 批次已通过实体层,NONE
V1-ENT-0128,place,圣地亚哥,Santiago (de Chile),retained,1,B03-ENT-0015,B03 批次已通过实体层,NONE
V1-ENT-0129,place,马德里,Madrid,retained,1,B03-ENT-0016,B03 批次已通过实体层,NONE
V1-ENT-0130,movement,文学爆炸,boom latinoamericano,retained,1,B03-ENT-0017,B03 批次已通过实体层,NONE
V1-ENT-0131,movement,现代主义,modernismo,retained,1,B03-ENT-0018,B03 批次已通过实体层,NONE
V1-ENT-0132,movement,先锋派,vanguardismo,retained,1,B03-ENT-0019,B03 批次已通过实体层,NONE
V1-ENT-0133,theme,利马的困闭与逃避,encierro y evasión (Lima),retained,1,B03-ENT-0020,B03 批次已通过实体层,NONE
V1-ENT-0134,theme,知识分子的失败与公众角色,fracaso de los intelectuales,retained,1,B03-ENT-0021,B03 批次已通过实体层,NONE
V1-ENT-0135,theme,殖民视角与去殖民思想,mirada colonial y pensamiento descolonial,retained,1,B03-ENT-0022,B03 批次已通过实体层,NONE
V1-ENT-0136,theme,爱情体验,experiencia del amor,retained,1,B03-ENT-0023,B03 批次已通过实体层,NONE
V1-ENT-0137,theme,大陆命运与美洲史诗,destino del continente (epopeya americana),retained,1,B03-ENT-0024,B03 批次已通过实体层,NONE
V1-ENT-0138,theme,政治与社会承诺,compromiso político y social,retained,1,B03-ENT-0025,B03 批次已通过实体层,NONE
V1-ENT-0139,event,卡努杜斯战争,Guerra de Canudos,retained,1,B03-ENT-0026,B03 批次已通过实体层,NONE
V1-ENT-0140,event,1973 年智利政变,derrocamiento de Salvador Allende (11 de septiembre de 1973),retained,1,B03-ENT-0027,B03 批次已通过实体层,NONE
V1-ENT-0141,character,劝世者,el Consejero,retained,1,B03-ENT-0028,B03 批次已通过实体层；A02-TC-0013/A02 R1 REVIEW：文学人物 el Consejero 与历史人物 Antônio Conselheiro 保持不同引用,KEEP-SEPARATE
V1-ENT-0142,person,玛丽亚·安东涅塔·阿吉雷,María Antonieta Aguirre,retained,1,B03-ENT-0029,B03 批次已通过实体层,NONE
V1-ENT-0143,person,德莉亚·德尔·卡里尔,Delia del Carril,retained,1,B03-ENT-0030,B03 批次已通过实体层,NONE
V1-ENT-0144,institution,智利共产党,Partido Comunista de Chile,retained,1,B03-ENT-0031,B03 批次已通过实体层,NONE
V1-ENT-0145,author,卡洛斯·富恩特斯,Carlos Fuentes,retained,1,CAND-R1-ENT-01,WEB-CE-B01-R1 independent review PASS,NONE
V1-ENT-0146,work,《最明净的地区》,La región más transparente,retained,1,CAND-R1-ENT-02,WEB-CE-B01-R1 independent review PASS; Chinese title verified by library MARC,NONE
V1-ENT-0147,work,《阿尔特米奥·克罗斯之死》,La muerte de Artemio Cruz,retained,1,CAND-R1-ENT-03,WEB-CE-B01-R1 independent review PASS; Chinese edition year remains field-level HOLD,TRANSLATION-YEAR-HOLD
V1-ENT-0148,author,加夫列拉·米斯特拉尔,Gabriela Mistral,canonical,1,CAND-B-SRC-001,诺贝尔奖官网官方生平页核验（本名 Lucila Godoy Alcayaga；1889 比库尼亚出生，1957 纽约州 Hempstead 逝世）；主库 LIKE 自查（%Mistral%/%米斯特拉尔%）无同名实体,NONE
V1-ENT-0149,collection,《绝望集》,Desolación,canonical,1,CAND-B-SRC-003,"诺贝尔官网书目页（Desolación. – New York : Instituto de las Españas, 1922）；诗集层级=collection（原版诗集），不建中文版/合集为同名实体",NONE
V1-ENT-0150,collection,《柔情集》,Ternura,canonical,1,CAND-B-SRC-003,"诺贝尔官网书目页（Ternura : canciones de niños. – Madrid : Saturnino Calleja, 1924）；诗集层级=collection",NONE
V1-ENT-0151,collection,《塔拉集》,Tala,canonical,1,CAND-B-SRC-003,"诺贝尔官网书目页（Tala. – Buenos Aires : Sur, 1938）；诗集层级=collection",NONE
V1-ENT-0153,place,比库尼亚,Vicuña,canonical,1,CAND-B-SRC-001,"现实地点：智利科金博大区 Elqui 河谷城镇（诺贝尔页 Born: 7 April 1889, Vicuña, Chile）；新建 place 候选；坐标未核验——禁止伪造，留待 Geo 阶段以权威地理来源补入",coords_pending;geo_pending
V1-ENT-0154,work,《孤独的迷宫》,El laberinto de la soledad,new,2,CAND-C-SRC-001; CAND-C-SRC-004,诺贝尔官网 Facts 页与 poets.org 均以该原题指称；中文规范名《孤独的迷宫》以燕山 2014 版书名与馆藏统一题名为准,NONE
V1-ENT-0155,work,《弓与琴》,El arco y la lira,new,2,CAND-C-SRC-003; CAND-C-SRC-004,"原题由诺贝尔书目页英译本副题 ""(El arco y la lira)"" 与 poets.org 散文书目共同确认；中文规范名《弓与琴》以燕山 2014 版为准",NONE
V1-ENT-0156,work,《太阳石》,Piedra de sol,new,2,CAND-C-SRC-003; CAND-C-SRC-004,"诺贝尔书目页西语诗歌部 ""Piedra de sol. México: Tezontle, 1957"" 与 poets.org 书目确认；中文名《太阳石》待中译核验",NONE
V1-ENT-0158,work,《霍乱时期的爱情》,El amor en los tiempos del cólera,candidate,2,CAND-D-SRC-03;CAND-D-SRC-14,BnF 目录作者归名核验（1985 西语版）+ 中译书目核验（南海 2022 杨玲译）；与主库 LIKE 查重无同名实体；类型 work（长篇小说）,
V1-ENT-0159,work,《族长的秋天》,El otoño del patriarca,candidate,2,CAND-D-SRC-04;CAND-D-SRC-15,BnF 目录作者归名核验（1975 西语版）+ 中译书目核验（南海 2021 轩乐译）；查重无同名；类型 work（长篇小说）,
V1-ENT-0160,work,《绿房子》,La casa verde,candidate,2,CAND-D-SRC-06;CAND-D-SRC-16,BnF 目录作者归名核验（西语多版）+ 中译旧版核验（外国文学 1983 孙家孟/马林春译）；查重无同名；类型 work（长篇小说）,
V1-ENT-0161,work,《潘达雷昂上尉与劳军女郎》,Pantaleón y las visitadoras,candidate,2,CAND-D-SRC-07;CAND-D-SRC-17,BnF 目录记录核验（Seix Barral 1973）+ 中译书目核验（人民文学 2009 孙家孟译，2021 精装版译名《潘达雷昂上尉和劳军女郎》为别名）；查重无同名；类型 work（长篇小说）,
V1-ENT-0162,collection,《沙之书》,El libro de arena,candidate,2,CAND-D-SRC-01;CAND-D-SRC-12,BnF 目录作者归名核验（1975 西语版）+ 中译书目核验（上海译文 2015 王永年译）；查重无同名；类型 collection（短篇集）,
V1-ENT-0163,collection,《布罗迪报告》,El informe de Brodie,candidate,2,CAND-D-SRC-02;CAND-D-SRC-13,BnF 目录作者归名核验（合订本记录）+ 中译书目核验（上海译文 2015 王永年译）；查重无同名；类型 collection（短篇集）,
V1-ENT-0164,collection,《秘密武器》,Las armas secretas,candidate,2,SRC-0066（reuse）;CAND-D-SRC-05;CAND-D-SRC-18,BnF 记录（reuse:SRC-0066，标题含 'Las armas secretas，1959'）+ 补充 SRU 快照 + 中译合卷核验（《南方高速》南海 2017 收录）；查重无同名；类型 collection（短篇集）,
V1-ENT-0165,collection,《一百首爱情十四行诗》,Cien sonetos de amor,candidate,2,CAND-D-SRC-08;CAND-D-SRC-20,BnF 目录作者归名核验 + 繁体译本核验（九歌 1999 陈黎/张芬龄译）；中译名采用 packet 名《一百首爱情十四行诗》，别名《一百首爱的十四行诗》《聶魯達一百首愛的十四行詩》；查重与既有《二十首情诗和一支绝望的歌》（V1-ENT-0119）为不同作品；类型 collection（诗集）,
V1-ENT-0166,collection,《隐秘的幸福》,Felicidade clandestina,candidate,2,CAND-D-SRC-09;CAND-D-SRC-19,BnF 目录记录核验（Rio de Janeiro : Sabiá，1971，标 contos）+ 中译书目核验（人民文学 2018 闵雪飞译）；查重无同名；类型 collection（短篇集）；注意中译单行本为精选集（篇目覆盖待核）,
V1-ENT-0167,collection,《时间之战》,Guerra del tiempo,new,1,CAND-PM-SRC-02,BnF 目录题名 Guerra del tiempo (y otros relatos) 与中译书名《时间之战》对应;中文名以人民文学 2021 版为准,NONE
V1-ENT-0168,work,《追击》,El acoso,new,1,CAND-PM-SRC-01,BnF 目录题名 El Acoso 与中译书名《追击》对应;中文名以人民文学 2025 版/中央编译 2004 版为准,NONE
V1-ENT-0169,work,《奥拉》,Aura,candidate,1,CAND-HY3-SRC-01,ELEM 书目确认 Carlos Fuentes 作品 Aura（首版 Ediciones Era 1962）；中文通行译名《奥拉》按通行译法,NONE
V1-ENT-0170,author,米格尔·安赫尔·阿斯图里亚斯,Miguel Ángel Asturias,candidate,2,CAND-B02-MIGUEL-AUTHOR,B02 official/academy source identity check; Chinese display name is a reader-facing canonical candidate,NONE
V1-ENT-0171,author,伊莎贝尔·阿连德,Isabel Allende,candidate,2,CAND-B02-ISABEL-AUTHOR,B02 official/academy source identity check; Chinese display name is a reader-facing canonical candidate,NONE
V1-ENT-0172,author,豪尔赫·亚马多,Jorge Amado,candidate,2,CAND-B02-JORGE-AUTHOR,B02 official/academy source identity check; Chinese display name is a reader-facing canonical candidate,NONE
V1-ENT-0173,work,《总统先生》,El Señor Presidente,candidate,1,CAND-B02-V1-ENT-0173-WORK,B02 source-backed original title and Chinese display title; translation metadata is intentionally not a gate,NONE
V1-ENT-0174,work,《玉米人》,Hombres de maíz,candidate,1,CAND-B02-V1-ENT-0174-WORK,B02 source-backed original title and Chinese display title; translation metadata is intentionally not a gate,NONE
V1-ENT-0175,collection,《危地马拉传说》,Leyendas de Guatemala,candidate,1,CAND-B02-V1-ENT-0175-WORK,B02 source-backed original title and Chinese display title; translation metadata is intentionally not a gate,NONE
V1-ENT-0176,work,《幽灵之家》,La casa de los espíritus,candidate,1,CAND-B02-V1-ENT-0176-WORK,B02 source-backed original title and Chinese display title; translation metadata is intentionally not a gate,NONE
V1-ENT-0177,work,《爱情与阴影》,De amor y de sombras,candidate,1,CAND-B02-V1-ENT-0177-WORK,B02 source-backed original title and Chinese display title; translation metadata is intentionally not a gate,NONE
V1-ENT-0178,work,《伊娃·露娜》,Eva Luna,candidate,1,CAND-B02-V1-ENT-0178-WORK,B02 source-backed original title and Chinese display title; translation metadata is intentionally not a gate,NONE
V1-ENT-0179,work,《弗洛尔和她的两个丈夫》,Dona Flor e seus dois maridos,candidate,1,CAND-B02-V1-ENT-0179-WORK,B02 source-backed original title and Chinese display title; translation metadata is intentionally not a gate,NONE
V1-ENT-0180,work,《加布里埃拉》,"Gabriela, cravo e canela",candidate,1,CAND-B02-V1-ENT-0180-WORK,B02 source-backed original title and Chinese display title; translation metadata is intentionally not a gate,NONE
V1-ENT-0181,work,《沙滩船长》,Capitães da Areia,candidate,1,CAND-B02-V1-ENT-0181-WORK,B02 source-backed original title and Chinese display title; translation metadata is intentionally not a gate,NONE
V1-ENT-0182,place,危地马拉,Guatemala,candidate,1,CAND-B02-V1-ENT-0182-PLACE,B02 formal country node; retained separately from any technical parent node,NONE
V1-ENT-0183,place,巴西,Brazil,candidate,1,CAND-B02-V1-ENT-0183-PLACE,B02 formal country node; retained separately from any technical parent node,NONE
V1-ENT-0184,author,胡安·卡洛斯·奥内蒂,Juan Carlos Onetti,candidate,2,CAND-B03-ONETTI-AUTHOR,B03 institutional biography and bibliography; Chinese display name is a reader-facing canonical candidate,NONE
V1-ENT-0185,author,何塞·多诺索,José Donoso,candidate,2,CAND-B03-DONOSO-AUTHOR,B03 Biblioteca Nacional de Chile identity and bibliography; Chinese display name is a reader-facing canonical candidate,NONE
V1-ENT-0186,author,埃内斯托·萨瓦托,Ernesto Sábato,candidate,2,CAND-B03-SABATO-AUTHOR,B03 source spelling uses accented Sábato; search/display may retain unaccented variant Ernesto Sabato,NONE
V1-ENT-0187,work,《短暂的生命》,La vida breve,candidate,1,CAND-B03-V1-ENT-0187-WORK,B03 source-backed original title and Chinese display title; translation metadata is intentionally not a gate,NONE
V1-ENT-0188,work,《造船厂》,El astillero,candidate,1,CAND-B03-V1-ENT-0188-WORK,B03 source-backed original title and Chinese display title; translation metadata is intentionally not a gate,NONE
V1-ENT-0189,work,《告别》,Los adioses,candidate,1,CAND-B03-V1-ENT-0189-WORK,B03 source-backed original title and Chinese display title; translation metadata is intentionally not a gate,NONE
V1-ENT-0190,work,《夜晚的淫鸟》,El obsceno pájaro de la noche,candidate,1,CAND-B03-V1-ENT-0190-WORK,B03 source-backed original title and Chinese display title; translation metadata is intentionally not a gate,NONE
V1-ENT-0191,work,《无尽的地方》,El lugar sin límites,candidate,1,CAND-B03-V1-ENT-0191-WORK,B03 source-backed original title and Chinese display title; translation metadata is intentionally not a gate,NONE
V1-ENT-0192,work,《加冕》,Coronación,candidate,1,CAND-B03-V1-ENT-0192-WORK,B03 source-backed original title and Chinese display title; translation metadata is intentionally not a gate,NONE
V1-ENT-0193,work,《隧道》,El túnel,candidate,1,CAND-B03-V1-ENT-0193-WORK,B03 source-backed original title and Chinese display title; translation metadata is intentionally not a gate,NONE
V1-ENT-0194,work,《英雄与坟墓》,Sobre héroes y tumbas,candidate,1,CAND-B03-V1-ENT-0194-WORK,B03 source-backed original title and Chinese display title; translation metadata is intentionally not a gate,NONE
V1-ENT-0195,work,《阿巴顿，毁灭者》,Abaddón el exterminador,candidate,1,CAND-B03-V1-ENT-0195-WORK,B03 source-backed original title and Chinese display title; translation metadata is intentionally not a gate,NONE
V1-ENT-0196,place,乌拉圭,Uruguay,candidate,1,CAND-B03-V1-ENT-0196-PLACE,B03 country node from GeoNames; coordinates intentionally omitted for country polygon rendering,NONE
V1-ENT-0197,place,圣玛丽亚,Santa María,candidate,1,CAND-B03-V1-ENT-0197-FICTIONAL-PLACE,B03 chronology identifies Santa María as a fictional literary space; no real coordinates,NONE
V1-ENT-0198,author,阿道夫·比奥伊·卡萨雷斯,Adolfo Bioy Casares,candidate,2,CAND-B04-BIOY-AUTHOR,B04 Cervantes biography/chronology; Chinese display candidate,NONE
V1-ENT-0199,author,奥古斯托·罗亚·巴斯托斯,Augusto Roa Bastos,candidate,3,CAND-B04-ROA-AUTHOR,B04 Cervantes/Fundación/ASALE identity; Chinese display candidate,NONE
V1-ENT-0200,author,奥拉西奥·基罗加,Horacio Quiroga,candidate,2,CAND-B04-QUIROGA-AUTHOR,B04 Uruguay MEC/Biblioteca Nacional identity; Chinese display candidate,NONE
V1-ENT-0201,work,《莫雷尔的发明》,La invención de Morel,candidate,1,CAND-B04-V1-ENT-0201-WORK,B04 source-backed original title and Chinese display candidate,NONE
V1-ENT-0202,work,《逃亡计划》,Plan de evasión,candidate,1,CAND-B04-V1-ENT-0202-WORK,B04 source-backed original title and Chinese display candidate,NONE
V1-ENT-0203,work,《英雄的梦》,El sueño de los héroes,candidate,1,CAND-B04-V1-ENT-0203-WORK,B04 source-backed original title and Chinese display candidate,NONE
V1-ENT-0204,work,《人子》,Hijo de hombre,candidate,1,CAND-B04-V1-ENT-0204-WORK,B04 source-backed original title and Chinese display candidate,NONE
V1-ENT-0205,work,《我，最高统帅》,Yo el Supremo,candidate,1,CAND-B04-V1-ENT-0205-WORK,B04 source-backed original title; punctuation variant retained,NONE
V1-ENT-0206,work,《检察官》,El fiscal,candidate,1,CAND-B04-V1-ENT-0206-WORK,B04 source-backed original title and Chinese display candidate,NONE
V1-ENT-0207,collection,《爱情、疯狂和死亡的故事》,Cuentos de amor de locura y de muerte,candidate,1,CAND-B04-V1-ENT-0207-WORK,B04 official Uruguay source; short-story collection entity,NONE
V1-ENT-0208,collection,《丛林故事》,Cuentos de la selva,candidate,1,CAND-B04-V1-ENT-0208-WORK,B04 official Uruguay source; short-story collection entity,NONE
V1-ENT-0209,collection,《流放者》,Los desterrados,candidate,1,CAND-B04-V1-ENT-0209-WORK,B04 official Uruguay source; short-story collection entity,NONE
V1-ENT-0210,place,巴拉圭,Paraguay,candidate,1,CAND-B04-V1-ENT-0210-PLACE,B04 GeoNames country node; no city or work setting inferred,NONE
V1-ENT-0211,author,马查多·德·阿西斯,Machado de Assis,candidate,3,CAND-B05-MACHADO-AUTHOR,B05 ABL biography/bibliography and official text; Chinese display candidate,NONE
V1-ENT-0212,author,若昂·吉马朗埃斯·罗萨,João Guimarães Rosa,candidate,3,CAND-B05-GUIMARAES-AUTHOR,B05 ABL profile/bibliography; Chinese display candidate,NONE
V1-ENT-0213,author,格拉西利亚诺·拉莫斯,Graciliano Ramos,candidate,4,CAND-B05-GRACILIANO-AUTHOR,B05 BNDigital/Itaú Cultural/Public Culture sources; Chinese display candidate,NONE
V1-ENT-0214,work,《布拉斯·库巴斯死后的回忆》,Memórias Póstumas de Brás Cubas,candidate,3,CAND-B05-V1-ENT-0214-WORK,"B05 source-backed original title, Chinese display candidate and work layer",NONE
V1-ENT-0215,work,《金卡斯·博尔巴》,Quincas Borba,candidate,1,CAND-B05-V1-ENT-0215-WORK,"B05 source-backed original title, Chinese display candidate and work layer",NONE
V1-ENT-0216,work,《堂卡斯穆罗》,Dom Casmurro,candidate,1,CAND-B05-V1-ENT-0216-WORK,"B05 source-backed original title, Chinese display candidate and work layer",NONE
V1-ENT-0217,work,《广阔腹地：条条小径》,Grande Sertão: Veredas,candidate,2,CAND-B05-V1-ENT-0217-WORK,"B05 source-backed original title, Chinese display candidate and work layer",NONE
V1-ENT-0218,collection,《萨加拉纳》,Sagarana,candidate,1,CAND-B05-V1-ENT-0218-COLLECTION,"B05 source-backed original title, Chinese display candidate and collection layer",NONE
V1-ENT-0219,collection,《第一故事》,Primeiras Estórias,candidate,1,CAND-B05-V1-ENT-0219-COLLECTION,"B05 source-backed original title, Chinese display candidate and collection layer",NONE
V1-ENT-0220,work,《枯竭的生命》,Vidas Secas,candidate,3,CAND-B05-V1-ENT-0220-WORK,"B05 source-backed original title, Chinese display candidate and work layer",NONE
V1-ENT-0221,work,《圣贝尔纳多》,São Bernardo,candidate,3,CAND-B05-V1-ENT-0221-WORK,"B05 source-backed original title, Chinese display candidate and work layer",NONE
V1-ENT-0222,work,《苦闷》,Angústia,candidate,3,CAND-B05-V1-ENT-0222-WORK,"B05 source-backed original title, Chinese display candidate and work layer",NONE
V1-ENT-0223,author,塞萨尔·巴列霍,César Vallejo,candidate,3,CAND-B06-VALLEJO-AUTHOR,B06 Casa de la Literatura biography and literary map; Chinese display candidate,NONE
V1-ENT-0224,author,鲁文·达里奥,Rubén Darío,candidate,3,CAND-B06-DARIO-AUTHOR,B06 Memoria Chilena author and bibliography pages; Chinese display candidate,NONE
V1-ENT-0225,author,何塞·马蒂,José Martí,candidate,3,CAND-B06-MARTI-AUTHOR,B06 Cervantes Virtual Cuban literature dictionary and chronology; Chinese display candidate,NONE
V1-ENT-0226,collection,《黑色使者》,Los heraldos negros,candidate,1,CAND-B06-VALLEJO-W01,B06 Casa de la Literatura original title and first-edition note; display candidate,DISPUTED-YEAR
V1-ENT-0227,collection,《特里尔塞》,Trilce,candidate,1,CAND-B06-VALLEJO-W02,B06 Casa de la Literatura original title and 1922 first edition,NONE
V1-ENT-0228,collection,《人类的诗篇》,Poemas humanos,candidate,2,CAND-B06-VALLEJO-W03,B06 Casa de la Literatura original title and 1939 edition,NONE
V1-ENT-0229,collection,《蓝……》,Azul...,candidate,2,CAND-B06-DARIO-W01,B06 Memoria Chilena title and 1888 publication,NONE
V1-ENT-0230,collection,《世俗的颂歌》,Prosas profanas,candidate,1,CAND-B06-DARIO-W02,B06 Memoria Chilena bibliography,NONE
V1-ENT-0231,collection,《生命与希望之歌》,Cantos de vida y esperanza,candidate,1,CAND-B06-DARIO-W03,B06 Memoria Chilena bibliography,NONE
V1-ENT-0232,collection,《伊斯梅利约》,Ismaelillo,candidate,2,CAND-B06-MARTI-W01,B06 Cervantes Virtual bibliography and Ismaelillo study,NONE
V1-ENT-0233,collection,《纯朴的诗》,Versos sencillos,candidate,2,CAND-B06-MARTI-W02,B06 Cervantes Virtual chronology and bibliography,NONE
V1-ENT-0234,work,《我们的美洲》,Nuestra América,candidate,2,CAND-B06-MARTI-W03,B06 Cervantes Virtual chronology and bibliography; essay layer,NONE
V1-ENT-0235,place,尼加拉瓜,Nicaragua,candidate,1,CAND-B06-PLACE-NI,B06 GeoNames country node,NONE
V1-ENT-0236,author,尼卡诺尔·帕拉,Nicanor Parra,candidate,2,CAND-B07-PARRA-AUTHOR,B07 Memoria Chilena and Universidad de Chile bibliography; Chinese display candidate,NONE
V1-ENT-0237,author,阿莱杭德拉·皮扎尼克,Alejandra Pizarnik,candidate,2,CAND-B07-PIZARNIK-AUTHOR,B07 Argentina Cultura and CVC author/works pages; Chinese display candidate,NONE
V1-ENT-0238,author,马里奥·贝内德蒂,Mario Benedetti,candidate,2,CAND-B07-BENEDETTI-AUTHOR,B07 Fundación Mario Benedetti biography and bibliography; Chinese display candidate,NONE
V1-ENT-0239,collection,《诗歌与反诗歌》,Poemas y antipoemas,candidate,1,CAND-B07-PARRA-W01,B07 Memoria Chilena title and 1954 publication,NONE
V1-ENT-0240,collection,《沙龙篇》,Versos de salón,candidate,1,CAND-B07-PARRA-W02,B07 Memoria Chilena title and 1962 publication,NONE
V1-ENT-0241,collection,《饭后演讲》,Discursos de sobremesa,candidate,1,CAND-B07-PARRA-W03,B07 Universidad de Chile bibliography and Memoria Chilena record; collection layer retained,NONE
V1-ENT-0242,collection,《狄安娜之树》,Árbol de Diana,candidate,1,CAND-B07-PIZARNIK-W01,B07 CVC bibliography and 1962 publication,NONE
V1-ENT-0243,collection,《作品与夜晚》,Los trabajos y las noches,candidate,1,CAND-B07-PIZARNIK-W02,B07 CVC bibliography and 1965 publication,NONE
V1-ENT-0244,collection,《取出疯石》,Extracción de la piedra de locura,candidate,1,CAND-B07-PIZARNIK-W03,B07 CVC bibliography and works page; 1968 publication,NONE
V1-ENT-0245,work,《休战》,La tregua,candidate,1,CAND-B07-BENEDETTI-W01,B07 Fundación Mario Benedetti first-edition record; novel layer,NONE
V1-ENT-0246,work,《谢谢你的火》,Gracias por el fuego,candidate,1,CAND-B07-BENEDETTI-W02,B07 Fundación Mario Benedetti first-edition record; novel layer,NONE
V1-ENT-0247,collection,《蒙得维的亚人》,Montevideanos,candidate,1,CAND-B07-BENEDETTI-W03,B07 Fundación Mario Benedetti first-edition record; short-story collection layer,NONE
V1-ENT-0248,author,何塞·玛丽亚·阿格达斯,José María Arguedas,candidate,2,CAND-B08-ARGUEDAS-AUTHOR,B08 BNP and Casa de la Literatura sources; Chinese display candidate,NONE
V1-ENT-0249,author,塞尔希奥·皮托尔,Sergio Pitol,candidate,2,CAND-B08-PITOL-AUTHOR,B08 Instituto Cervantes biography and bibliography; Chinese display candidate,NONE
V1-ENT-0250,author,胡安·何塞·阿雷奥拉,Juan José Arreola,candidate,3,CAND-B08-ARREOLA-AUTHOR,B08 Fonoteca Nacional and CVC sources; Chinese display candidate,NONE
V1-ENT-0251,work,《血的节日》,Yawar fiesta,candidate,1,CAND-B08-ARGUEDAS-W01,B08 Casa de la Literatura chronology; novel layer,NONE
V1-ENT-0252,work,《深沉的河流》,Los ríos profundos,candidate,1,CAND-B08-ARGUEDAS-W02,B08 Casa de la Literatura bibliography and work page; novel layer,NONE
V1-ENT-0253,work,《所有的血》,Todas las sangres,candidate,1,CAND-B08-ARGUEDAS-W03,B08 Casa de la Literatura chronology; novel layer,NONE
V1-ENT-0254,work,《爱情游行》,El desfile del amor,candidate,1,CAND-B08-PITOL-W01,B08 Instituto Cervantes biography and bibliography; novel layer,NONE
V1-ENT-0255,work,《驯服神圣苍鹭》,Domar a la divina garza,candidate,1,CAND-B08-PITOL-W02,B08 Instituto Cervantes biography and bibliography; novel layer,NONE
V1-ENT-0256,work,《婚姻生活》,La vida conyugal,candidate,1,CAND-B08-PITOL-W03,B08 Instituto Cervantes biography and bibliography; novel layer,NONE
V1-ENT-0257,collection,《孔法布拉里奥》,Confabulario,candidate,1,CAND-B08-ARREOLA-W01,B08 CVC bibliography; collection layer,NONE
V1-ENT-0258,collection,《动物集》,Bestiario,candidate,1,CAND-B08-ARREOLA-W02,B08 CVC/Fonoteca sources; same title as Cortázar kept as author-specific entity,NONE
V1-ENT-0259,work,《集市》,La feria,candidate,1,CAND-B08-ARREOLA-W03,B08 CVC bibliography and Fonoteca source; novel layer,NONE
V1-ENT-0260,author,埃莱娜·波尼亚托夫斯卡,Elena Poniatowska,candidate,3,CAND-B09-PONIATOWSKA-AUTHOR,B09 UNAM sources; Chinese display candidate,NONE
V1-ENT-0261,author,何塞·埃米利奥·帕切科,José Emilio Pacheco,candidate,3,CAND-B09-PACHECO-AUTHOR,"B09 Cervantes, Colegio Nacional and CEPE sources; Chinese display candidate",NONE
V1-ENT-0262,author,罗贝托·波拉尼奥,Roberto Bolaño,candidate,3,CAND-B09-BOLANO-AUTHOR,B09 Memoria Chilena sources; Chinese display candidate,NONE
V1-ENT-0263,work,《特拉特洛尔科之夜》,La noche de Tlatelolco,candidate,1,CAND-B09-PONIATOWSKA-W01,B09 UNAM sources; work layer,NONE
V1-ENT-0264,work,《直到见到你，我的赫苏斯》,Hasta no verte Jesús mío,candidate,1,CAND-B09-PONIATOWSKA-W02,B09 UNAM sources; work layer,NONE
V1-ENT-0265,work,《蒂娜》,Tinísima,candidate,1,CAND-B09-PONIATOWSKA-W03,B09 UNAM sources; year conflict retained,DISPUTED-YEAR
V1-ENT-0266,work,《沙漠中的战斗》,Las batallas en el desierto,candidate,1,CAND-B09-PACHECO-W01,B09 Cervantes/Colegio Nacional/CEPE sources; work layer,NONE
V1-ENT-0267,collection,《快乐原则》,El principio del placer,candidate,1,CAND-B09-PACHECO-W02,B09 Cervantes/Colegio Nacional/CEPE sources; collection layer,NONE
V1-ENT-0268,collection,《不要问我时间如何流逝》,No me preguntes cómo pasa el tiempo,candidate,1,CAND-B09-PACHECO-W03,B09 Cervantes/Colegio Nacional/CEPE sources; collection layer,NONE
V1-ENT-0269,work,《荒野侦探》,Los detectives salvajes,candidate,1,CAND-B09-BOLANO-W01,B09 Memoria Chilena sources; work layer,NONE
V1-ENT-0270,work,《2666》,2666,candidate,1,CAND-B09-BOLANO-W02,B09 Memoria Chilena sources; posthumous work layer,NONE
V1-ENT-0271,work,《遥远的星辰》,Estrella distante,candidate,1,CAND-B09-BOLANO-W03,B09 Memoria Chilena sources; work layer,NONE
V1-ENT-0272,author,爱德华多·加莱亚诺,Eduardo Galeano,candidate,2,CAND-B10-GALEANO-AUTHOR,B10 Uruguay Educa and Argentina Culture sources; Chinese display candidate,NONE
V1-ENT-0273,author,里卡多·皮格利亚,Ricardo Piglia,candidate,3,CAND-B10-PIGLIA-AUTHOR,"B10 Piglia archive, Princeton and UNLP sources; Chinese display candidate",NONE
V1-ENT-0274,author,塞萨尔·艾拉,César Aira,candidate,2,CAND-B10-AIRA-AUTHOR,B10 Biblioteca Nacional and Konex sources; Chinese display candidate,NONE
V1-ENT-0275,work,《拉丁美洲被切开的血管》,Las venas abiertas de América Latina,candidate,1,CAND-B10-GALEANO-W01,B10 Uruguay Educa and Argentina Culture sources; work layer,NONE
V1-ENT-0276,collection,《火的记忆Ⅰ：创世纪》,Memoria del fuego I. Los nacimientos,candidate,1,CAND-B10-GALEANO-W02,B10 Uruguay Educa chronology and Uruguay catalog; collection layer,NONE
V1-ENT-0277,collection,《拥抱之书》,El libro de los abrazos,candidate,1,CAND-B10-GALEANO-W03,B10 Uruguay Educa chronology and Uruguay catalog; collection layer,NONE
V1-ENT-0278,work,《人工呼吸》,Respiración artificial,candidate,1,CAND-B10-PIGLIA-W01,B10 Piglia archive and UNLP bibliography; work layer,NONE
V1-ENT-0279,work,《燃烧的钱》,Plata quemada,candidate,1,CAND-B10-PIGLIA-W02,"B10 Piglia archive, Princeton and UNLP bibliography; work layer",NONE
V1-ENT-0280,work,《夜间目标》,Blanco nocturno,candidate,1,CAND-B10-PIGLIA-W03,"B10 Piglia archive, Princeton and UNLP bibliography; work layer",NONE
V1-ENT-0281,work,《女俘爱玛》,Ema la cautiva,candidate,1,CAND-B10-AIRA-W01,B10 Konex and UNLP research; work layer,NONE
V1-ENT-0282,work,《中国小说》,Una novela china,candidate,1,CAND-B10-AIRA-W02,B10 Konex and university journal research; work layer,NONE
V1-ENT-0283,work,《文学大会》,El congreso de literatura,candidate,1,CAND-B10-AIRA-W03,B10 Konex and peer-reviewed research; work layer,NONE
V1-ENT-0284,author,曼努埃尔·普伊格,Manuel Puig,candidate,1,CAND-B11-PUIG-AUTHOR,B11 Biblioteca Nacional and Buenos Aires library catalog; Chinese display candidate,NONE
V1-ENT-0285,author,西尔维娜·奥坎波,Silvina Ocampo,candidate,1,CAND-B11-OCAMPO-AUTHOR,B11 Educ.ar and Argentina Culture profiles; Chinese display candidate,NONE
V1-ENT-0286,author,罗贝托·阿尔特,Roberto Arlt,candidate,1,CAND-B11-ARLT-AUTHOR,B11 Biblioteca Nacional and Biblioteca del Congreso profiles; Chinese display candidate,NONE
V1-ENT-0287,work,《蜘蛛女之吻》,El beso de la mujer araña,candidate,1,CAND-B11-PUIG-W01,B11 institutional bibliography; work layer,NONE
V1-ENT-0288,work,《丽塔·海华丝的背叛》,La traición de Rita Hayworth,candidate,1,CAND-B11-PUIG-W02,B11 institutional bibliography; work layer,NONE
V1-ENT-0289,work,《红唇》,Boquitas pintadas,candidate,1,CAND-B11-PUIG-W03,B11 institutional bibliography; work layer,NONE
V1-ENT-0290,collection,《被遗忘的旅程》,Viaje olvidado,candidate,1,CAND-B11-OCAMPO-W01,B11 institutional bibliography; collection layer,NONE
V1-ENT-0291,collection,《愤怒》,La furia,candidate,1,CAND-B11-OCAMPO-W02,B11 institutional bibliography; collection layer,NONE
V1-ENT-0292,collection,《邀请》,Las invitadas,candidate,1,CAND-B11-OCAMPO-W03,B11 institutional bibliography; collection layer,NONE
V1-ENT-0293,work,《七个疯子》,Los siete locos,candidate,1,CAND-B11-ARLT-W01,B11 institutional bibliography; work layer,NONE
V1-ENT-0294,work,《火焰喷射器》,Los lanzallamas,candidate,1,CAND-B11-ARLT-W02,B11 institutional bibliography; work layer,NONE
V1-ENT-0295,work,《疯玩具》,El juguete rabioso,candidate,1,CAND-B11-ARLT-W03,B11 institutional bibliography; work layer,NONE
V1-ENT-0296,author,萨曼塔·施韦布林,Samanta Schweblin,candidate,1,CAND-B12-SCHWEBLIN-AUTHOR,B12 Argentina Ministry and PRH profiles; Chinese display candidate,NONE
V1-ENT-0297,author,玛丽安娜·恩里克斯,Mariana Enriquez,candidate,1,CAND-B12-ENRIQUEZ-AUTHOR,B12 Anagrama institutional profiles; Chinese display candidate,NONE
V1-ENT-0298,author,亚历杭德罗·桑布拉,Alejandro Zambra,candidate,1,CAND-B12-ZAMBRA-AUTHOR,B12 Anagrama and Memoria Chilena profiles; Chinese display candidate,NONE
V1-ENT-0299,work,《救援距离》,Distancia de rescate,candidate,1,CAND-B12-SCHWEBLIN-W01,B12 publisher/institutional bibliography; work layer,NONE
V1-ENT-0300,collection,《口中之鸟》,Pájaros en la boca,candidate,1,CAND-B12-SCHWEBLIN-W02,B12 publisher/institutional bibliography; collection layer,NONE
V1-ENT-0301,collection,《七座空屋》,Siete casas vacías,candidate,1,CAND-B12-SCHWEBLIN-W03,B12 institutional/publisher bibliography; collection layer,NONE
V1-ENT-0302,collection,《我们在火中失去的东西》,Las cosas que perdimos en el fuego,candidate,1,CAND-B12-ENRIQUEZ-W01,B12 Anagrama bibliography; collection layer,NONE
V1-ENT-0303,work,《我们的夜晚》,Nuestra parte de noche,candidate,1,CAND-B12-ENRIQUEZ-W02,B12 Anagrama bibliography; novel layer,NONE
V1-ENT-0304,collection,《床上吸烟的危险》,Los peligros de fumar en la cama,candidate,1,CAND-B12-ENRIQUEZ-W03,B12 Anagrama bibliography; collection layer,NONE
V1-ENT-0305,work,《盆栽》,Bonsái,candidate,1,CAND-B12-ZAMBRA-W01,B12 Anagrama and Memoria Chilena bibliography; work layer,NONE
V1-ENT-0306,work,《树木的私生活》,La vida privada de los árboles,candidate,1,CAND-B12-ZAMBRA-W02,B12 Anagrama and Memoria Chilena bibliography; work layer,NONE
V1-ENT-0307,work,《回家的方式》,Formas de volver a casa,candidate,1,CAND-B12-ZAMBRA-W03,B12 Anagrama and Memoria Chilena bibliography; work layer,NONE
V1-ENT-0308,author,保罗·柯艾略,Paulo Coelho,candidate,1,CAND-B13-COELHO-AUTHOR,B13 ABL and USP profiles; Chinese display candidate,NONE
V1-ENT-0309,author,卡洛斯·德鲁蒙德·德·安德拉德,Carlos Drummond de Andrade,candidate,1,CAND-B13-DRUMMOND-AUTHOR,B13 ABL and BNDigital profiles; Chinese display candidate,NONE
V1-ENT-0310,author,尼古拉斯·纪廉,Nicolás Guillén,candidate,1,CAND-B13-GUILLEN-AUTHOR,B13 Cervantes Virtual and CVC profiles; Chinese display candidate,NONE
V1-ENT-0311,work,《牧羊少年奇幻之旅》,O Alquimista,candidate,1,CAND-B13-COELHO-W01,B13 institutional bibliography; work layer,NONE
V1-ENT-0312,work,《维罗妮卡决定去死》,Veronika Decide Morrer,candidate,1,CAND-B13-COELHO-W02,B13 institutional bibliography; work layer,NONE
V1-ENT-0313,work,《十一分钟》,Onze Minutos,candidate,1,CAND-B13-COELHO-W03,B13 institutional bibliography; work layer,NONE
V1-ENT-0314,collection,《某种诗》,Alguma poesia,candidate,1,CAND-B13-DRUMMOND-W01,B13 ABL poetry list; collection layer,NONE
V1-ENT-0315,collection,《人民的玫瑰》,A rosa do povo,candidate,1,CAND-B13-DRUMMOND-W02,B13 ABL poetry list; collection layer,NONE
V1-ENT-0316,collection,《明晰之谜》,Claro enigma,candidate,1,CAND-B13-DRUMMOND-W03,B13 ABL poetry list; collection layer,NONE
V1-ENT-0317,collection,《松调》,Motivos de son,candidate,1,CAND-B13-GUILLEN-W01,B13 Cervantes bibliography; collection layer,NONE
V1-ENT-0318,collection,《桑戈罗·科松戈》,Sóngoro cosongo,candidate,1,CAND-B13-GUILLEN-W02,B13 Cervantes bibliography; collection layer,NONE
V1-ENT-0319,collection,《西印度公司》,"West Indies, Ltd.",candidate,1,CAND-B13-GUILLEN-W03,B13 Cervantes bibliography; collection layer,NONE
V1-ENT-0320,author,何塞·莱萨马·利马,José Lezama Lima,candidate,1,CAND-B14-LEZAMA-AUTHOR,B14 AAP and Cervantes Virtual profiles; Chinese display candidate,NONE
V1-ENT-0321,author,吉列尔莫·卡夫雷拉·因凡特,Guillermo Cabrera Infante,candidate,1,CAND-B14-CABRERA-AUTHOR,B14 bibliography and University of Texas Press profile; Chinese display candidate,NONE
V1-ENT-0322,author,索尔·胡安娜·伊内斯·德·拉·克鲁斯,Sor Juana Inés de la Cruz,candidate,1,CAND-B14-SORJUANA-AUTHOR,B14 UNAM institutional profiles; Chinese display candidate,NONE
V1-ENT-0323,work,《天堂》,Paradiso,candidate,1,CAND-B14-LEZAMA-W01,B14 bibliography; work layer,NONE
V1-ENT-0324,work,《奥皮亚诺·利卡里奥》,Oppiano Licario,candidate,1,CAND-B14-LEZAMA-W02,B14 bibliography; work layer,NONE
V1-ENT-0325,work,《美洲的表达》,La expresión americana,candidate,1,CAND-B14-LEZAMA-W03,B14 AAP lecture/publication profile; work layer,NONE
V1-ENT-0326,work,《三只忧伤的老虎》,Tres tristes tigres,candidate,1,CAND-B14-CABRERA-W01,B14 bibliography; work layer,NONE
V1-ENT-0327,work,《热带黎明景观》,Vista del amanecer en el trópico,candidate,1,CAND-B14-CABRERA-W02,B14 bibliography supports title/year; form left open; display label corrected to match the original title,NONE
V1-ENT-0328,work,《哈瓦那，一个早夭婴儿的回忆》,La Habana para un infante difunto,candidate,1,CAND-B14-CABRERA-W03,B14 bibliography supports title/year; form left open,NONE
V1-ENT-0329,work,《第一梦》,Primero sueño,candidate,1,CAND-B14-SORJUANA-W01,B14 UNAM repository; work layer,NONE
V1-ENT-0330,work,《答索尔·菲洛特娅》,Respuesta a Sor Filotea de la Cruz,candidate,1,CAND-B14-SORJUANA-W02,B14 UNAM repository; work layer,NONE
V1-ENT-0331,work,《爱情是更大的迷宫》,Amor es más laberinto,candidate,1,CAND-B14-SORJUANA-W03,B14 UNAM institutional profile; work layer,NONE
V1-ENT-0332,author,胡利奥·拉蒙·里贝罗,Julio Ramón Ribeyro,candidate,1,CAND-B15-RIBEYRO-AUTHOR,B15 Peruvian Ministry cultural biography and UNMSM article; Chinese display candidate,NONE
V1-ENT-0333,author,胡安·何塞·萨埃尔,Juan José Saer,candidate,1,CAND-B15-SAER-AUTHOR,B15 Argentina government cultural biography and UNL scholarly research; Chinese display candidate,NONE
V1-ENT-0334,author,雷纳尔多·阿雷纳斯,Reinaldo Arenas,candidate,1,CAND-B15-ARENAS-AUTHOR,B15 Princeton finding-aid and university research; Chinese display candidate,NONE
V1-ENT-0335,collection,《没有羽毛的秃鹫》,Los gallinazos sin plumas,candidate,1,CAND-B15-RIBEYRO-W01,B15 official bibliography and UNMSM article; collection layer,NONE
V1-ENT-0336,collection,《西尔维奥在玫瑰园》,Silvio en El Rosedal,candidate,1,CAND-B15-RIBEYRO-W02,B15 official bibliography; collection layer,NONE
V1-ENT-0337,collection,《无言之词》,La palabra del mudo,candidate,1,CAND-B15-RIBEYRO-W03,B15 official bibliography; collection layer; edition-year note,NONE
V1-ENT-0338,work,《皇家柠檬树》,El limonero real,candidate,1,CAND-B15-SAER-W01,B15 Argentina government and UNL scholarly bibliography; work layer,NONE
V1-ENT-0339,work,《继子》,El entenado,candidate,1,CAND-B15-SAER-W02,B15 Argentina government and UNL scholarly bibliography; work layer,NONE
V1-ENT-0340,work,《格洛萨》,Glosa,candidate,1,CAND-B15-SAER-W03,B15 Argentina government and UNL scholarly bibliography; 1985/1986 year gap retained,DISPUTED-YEAR
V1-ENT-0341,work,《黎明前的塞莱斯蒂诺》,Celestino antes del alba,candidate,1,CAND-B15-ARENAS-W01,B15 Cardiff University Press article; work layer,NONE
V1-ENT-0342,work,《幻梦世界》,El mundo alucinante,candidate,1,CAND-B15-ARENAS-W02,B15 Cardiff University Press article; work layer,NONE
V1-ENT-0343,work,《夜幕降临前》,Antes que anochezca,candidate,1,CAND-B15-ARENAS-W03,B15 Universidad de Antioquia review; autobiographical work layer,NONE
V1-ENT-0344,author,路易斯·塞普尔维达,Luis Sepúlveda,candidate,1,CAND-B16-SEPULVEDA-AUTHOR,Published Chinese author spelling supported by China Writers Net; original name retained.,NONE
V1-ENT-0345,author,瓜达卢佩·内特尔,Guadalupe Nettel,candidate,1,CAND-B16-NETTEL-AUTHOR,Editorial Anagrama author page identifies the Mexican author and her novel/story bibliography; Chinese labels remain provisional,NONE
V1-ENT-0346,author,克里斯蒂娜·佩里·罗西,Cristina Peri Rossi,candidate,1,CAND-B16-PERI-ROSSI-AUTHOR,"Instituto Cervantes biography, chronology and bibliography; Chinese labels remain provisional",NONE
V1-ENT-0347,work,《读爱情故事的老人》,Un viejo que leía novelas de amor,candidate,1,CAND-B16-SEPULVEDA-W01,Published Chinese title supported by China Writers Net; original title and 1989 edition evidence retained.,NONE
V1-ENT-0348,work,《教海鸥飞翔的猫》,Historia de una gaviota y del gato que le enseñó a volar,candidate,1,CAND-B16-SEPULVEDA-W02,Published Chinese title supported by China Writers Net; original title retained.,NONE
V1-ENT-0349,work,《世界尽头的世界》,Mundo del fin del mundo,candidate,1,CAND-B16-SEPULVEDA-W03,Published Chinese title supported by a university library catalogue; original title retained.,NONE
V1-ENT-0350,work,《独生女儿》,La hija única,candidate,1,CAND-B16-NETTEL-W01,Anagrama catalogue identifies the title as a novel and dates its publication to 16 September 2020,NONE
V1-ENT-0351,collection,《红鱼之姻》,El matrimonio de los peces rojos,candidate,1,CAND-B16-NETTEL-W02,Páginas de Espuma catalogue dates the book to May 2013 and describes five narrations,NONE
V1-ENT-0352,collection,《真正的孤独》,Pétalos y otras historias incómodas,candidate,1,CAND-B16-NETTEL-W03,Published Chinese title in the 2025 Guangxi Normal University Press three-volume set; original title and 2008 source record retained.,NONE
V1-ENT-0353,collection,《错爱》,Los amores equivocados,candidate,1,CAND-B16-PERI-ROSSI-W01,Cervantes chronology lists the 2015 relatos title; Chinese label is provisional,NONE
V1-ENT-0354,collection,《恐龙的下午》,La tarde del dinosaurio,candidate,1,CAND-B16-PERI-ROSSI-W02,Cervantes chronology lists the 1976 relatos title and bibliography gives the 1976 Planeta story edition,NONE
V1-ENT-0355,collection,《沉船记》,Descripción de un naufragio,candidate,1,CAND-B16-PERI-ROSSI-W03,Cervantes chronology classifies the 1975 title under poetry and the bibliography records its Lumen poetry edition,NONE
V1-ENT-0356,place,厄瓜多尔,Ecuador,candidate,1,CAND-B17-ECUADOR-PLACE,B17 country coverage node for Jorge Icaza; country polygon only; no center coordinate,NONE
V1-ENT-0357,place,委内瑞拉,Venezuela,candidate,1,CAND-B17-VENEZUELA-PLACE,B17 country coverage node for Rómulo Gallegos; country polygon only; no center coordinate,NONE
V1-ENT-0358,author,莉吉娅·法贡德斯·特莱斯,Lygia Fagundes Telles,candidate,1,CAND-B17-LYGIA-AUTHOR,ABL bibliography establishes the author and selected works; civil-registry evidence and Biblioteca Nacional authority data resolve the birth year as 1918.,NONE
V1-ENT-0359,author,豪尔赫·伊卡萨,Jorge Icaza,candidate,1,CAND-B17-ICAZA-AUTHOR,"Ecuadorian library catalogue and Universidad Central del Ecuador thesis establish the author, country and conservative bibliography.",NONE
V1-ENT-0360,author,罗慕洛·加列戈斯,Rómulo Gallegos,candidate,1,CAND-B17-GALLEGOS-AUTHOR,"Fundación Empresas Polar and Universidad de Carabobo profiles establish the Venezuelan author, life dates and selected novels.",NONE
V1-ENT-0361,work,《石头圆舞》,Ciranda de pedra,candidate,1,CAND-B17-LYGIA-FAGUNDES-TELLES-61,ABL bibliography lists Ciranda de pedra as a romance in 1954; Chinese label is provisional.,NONE
V1-ENT-0362,collection,《绿色舞会之前》,Antes do baile verde,candidate,1,CAND-B17-LYGIA-FAGUNDES-TELLES-62,ABL bibliography lists Antes do baile verde as contos in 1970; Chinese label is provisional.,NONE
V1-ENT-0363,work,《姑娘们》,As meninas,candidate,1,CAND-B17-LYGIA-FAGUNDES-TELLES-63,ABL bibliography lists As meninas as a romance in 1973; Chinese label is provisional.,NONE
V1-ENT-0364,work,《瓦西蓬戈》,Huasipungo,candidate,1,CAND-B17-JORGE-ICAZA-64,CCE catalogue lists Huasipungo and the UCE thesis dates the novel to 1934; Chinese label is provisional.,NONE
V1-ENT-0365,work,《在街头》,En las calles,candidate,1,CAND-B17-JORGE-ICAZA-65,CCE catalogue lists En las calles and the UCE thesis dates the novel to 1935; Chinese label is provisional.,NONE
V1-ENT-0366,work,《乔洛·罗梅罗与弗洛雷斯》,El chulla Romero y Flores,candidate,1,CAND-B17-JORGE-ICAZA-66,CCE catalogue lists El Chulla Romero y Flores and the UCE thesis dates the novel to 1958; Chinese label is provisional.,NONE
V1-ENT-0367,work,《堂娜·芭芭拉》,Doña Bárbara,candidate,1,CAND-B17-RÓMULO-GALLEGOS-67,Polar and Universidad de Carabobo profiles date Doña Bárbara to 1929; Chinese label is provisional.,NONE
V1-ENT-0368,work,《唱歌者》,Cantaclaro,candidate,1,CAND-B17-RÓMULO-GALLEGOS-68,Polar profile dates Cantaclaro to 1934; Chinese label is provisional.,NONE
V1-ENT-0369,work,《卡奈玛》,Canaima,candidate,1,CAND-B17-RÓMULO-GALLEGOS-69,Polar and Universidad de Carabobo profiles date Canaima to 1935; Chinese label is provisional.,NONE
