card_source_id,origin_matrix_id,card_id,source_id,source_level,source_role,bibliographic_support,research_support,independent_source_key,usage_status,issue_code
V1-CS-0001,A04-MATRIX-0001,V1-CARD-0001,SRC-0002,A,both,yes,yes,SRC-0002,used,NONE
V1-CS-0002,A04-MATRIX-0002,V1-CARD-0002,SRC-0009,B,both,yes,yes,SRC-0009,used,NONE
V1-CS-0003,A04-MATRIX-0003,V1-CARD-0002,SRC-0013,A,bibliographic,yes,no,SRC-0013,used,NONE
V1-CS-0004,A04-MATRIX-0004,V1-CARD-0002,SRC-0016,B,bibliographic,yes,no,SRC-0016,used,NONE
V1-CS-0005,A04-MATRIX-0005,V1-CARD-0003,SRC-0002,A,both,yes,yes,SRC-0002,used,NONE
V1-CS-0006,A04-MATRIX-0006,V1-CARD-0003,SRC-0014,B,bibliographic,yes,no,SRC-0014,used,NONE
V1-CS-0007,A04-MATRIX-0007,V1-CARD-0004,SRC-0002,A,both,yes,yes,SRC-0002,used,NONE
V1-CS-0008,A04-MATRIX-0008,V1-CARD-0004,SRC-0008,A,research,no,yes,SRC-0008,used,NONE
V1-CS-0009,A04-MATRIX-0009,V1-CARD-0004,SRC-0015,B,bibliographic,yes,no,SRC-0015,used,NONE
V1-CS-0010,A04-MATRIX-0010,V1-CARD-0005,SRC-0002,A,bibliographic,yes,no,SRC-0002,used,NONE
V1-CS-0011,A04-MATRIX-0011,V1-CARD-0005,SRC-0007,B,bibliographic,yes,no,SRC-0007,used,NONE
V1-CS-0012,A04-MATRIX-0012,V1-CARD-0006,SRC-0009,B,both,yes,yes,SRC-0009,used,NONE
V1-CS-0013,A04-MATRIX-0013,V1-CARD-0006,SRC-0011,A,research,no,yes,SRC-0011,used,NONE
V1-CS-0014,A04-MATRIX-0014,V1-CARD-0007,SRC-0009,B,both,yes,yes,SRC-0009,used,NONE
V1-CS-0015,A04-MATRIX-0015,V1-CARD-0007,SRC-0012,A,research,no,yes,SRC-0012,used,NONE
V1-CS-0016,A04-MATRIX-0016,V1-CARD-0008,SRC-0009,B,both,yes,yes,SRC-0009,used,NONE
V1-CS-0017,A04-MATRIX-0017,V1-CARD-0008,SRC-0013,A,research,no,yes,SRC-0013,used,NONE
V1-CS-0018,A04-MATRIX-0018,V1-CARD-0009,SRC-0017,B,both,yes,yes,SRC-0017,used,NONE
V1-CS-0019,A04-MATRIX-0019,V1-CARD-0010,SRC-0019,A,research,no,yes,SRC-0019,used,CONTEXT-EVENT
V1-CS-0020,A04-MATRIX-0020,V1-CARD-0010,SRC-0020,B,both,yes,yes,SRC-0020,used,CONTEXT-EVENT
V1-CS-0021,A04-MATRIX-0021,V1-CARD-0010,SRC-0071,B,bibliographic,yes,no,SRC-0071,used,CONTEXT-EVENT
V1-CS-0022,A04-MATRIX-0022,V1-CARD-0011,SRC-0021,B,both,yes,yes,SRC-0021,used,RESEARCH-GAP
V1-CS-0023,A04-MATRIX-0023,V1-CARD-0012,SRC-0017,B,bibliographic,yes,no,SRC-0017,used,RESEARCH-GAP
V1-CS-0024,A04-MATRIX-0024,V1-CARD-0013,SRC-0022,B,both,yes,yes,SRC-0022,used,NONE
V1-CS-0025,A04-MATRIX-0025,V1-CARD-0014,SRC-0023,B,both,yes,yes,SRC-0023,used,NONE
V1-CS-0026,A04-MATRIX-0026,V1-CARD-0014,SRC-0024,A,research,no,yes,SRC-0024,used,NONE
V1-CS-0027,A04-MATRIX-0027,V1-CARD-0015,SRC-0026,B,bibliographic,yes,no,SRC-0026,used,RESEARCH-GAP
V1-CS-0028,A04-MATRIX-0028,V1-CARD-0016,SRC-0025,B,bibliographic,yes,no,SRC-0025,used,RESEARCH-GAP
V1-CS-0029,A04-MATRIX-0029,V1-CARD-0017,SRC-0027,B,both,yes,yes,SRC-0027,used,NONE
V1-CS-0030,A04-MATRIX-0030,V1-CARD-0018,SRC-0028,A,research,no,yes,SRC-0028,used,NONE
V1-CS-0031,A04-MATRIX-0031,V1-CARD-0018,SRC-0029,B,both,yes,yes,SRC-0029,used,NONE
V1-CS-0032,A04-MATRIX-0032,V1-CARD-0019,SRC-0030,B,both,yes,yes,SRC-0030,used,RESEARCH-GAP
V1-CS-0033,A04-MATRIX-0033,V1-CARD-0020,SRC-0031,B,bibliographic,yes,no,SRC-0031,used,RESEARCH-GAP
V1-CS-0034,A04-MATRIX-0034,V1-CARD-0021,SRC-0035,B,both,yes,yes,SRC-0035,used,NONE
V1-CS-0035,A04-MATRIX-0035,V1-CARD-0021,SRC-0036,B,both,yes,yes,SRC-0036,used,NONE
V1-CS-0036,A04-MATRIX-0036,V1-CARD-0021,SRC-0056,B,bibliographic,yes,no,SRC-0056,used,NONE
V1-CS-0037,A04-MATRIX-0037,V1-CARD-0022,SRC-0032,A,both,yes,yes,SRC-0032,used,NONE
V1-CS-0038,A04-MATRIX-0038,V1-CARD-0022,SRC-0056,B,bibliographic,yes,no,SRC-0056,used,NONE
V1-CS-0039,A04-MATRIX-0039,V1-CARD-0022,SRC-0057,A,context,no,no,SRC-0057,used,NONE
V1-CS-0040,A04-MATRIX-0040,V1-CARD-0023,SRC-0033,A,both,yes,yes,SRC-0033,used,DUAL-YEAR
V1-CS-0041,A04-MATRIX-0041,V1-CARD-0023,SRC-0064,B,bibliographic,yes,no,SRC-0064,used,DUAL-YEAR
V1-CS-0042,A04-MATRIX-0042,V1-CARD-0024,SRC-0034,A,both,yes,yes,SRC-0034,used,NONE
V1-CS-0043,A04-MATRIX-0043,V1-CARD-0025,SRC-0037,A,both,yes,yes,SRC-0037,used,NONE
V1-CS-0044,A04-MATRIX-0044,V1-CARD-0025,SRC-0038,A,research,no,yes,SRC-0038,used,NONE
V1-CS-0045,A04-MATRIX-0045,V1-CARD-0025,SRC-0058,B,bibliographic,yes,no,SRC-0058,used,NONE
V1-CS-0046,A04-MATRIX-0046,V1-CARD-0025,SRC-0069,B,bibliographic,yes,no,SRC-0069,used,NONE
V1-CS-0047,A04-MATRIX-0047,V1-CARD-0026,SRC-0038,A,both,yes,yes,SRC-0038,used,NONE
V1-CS-0048,A04-MATRIX-0048,V1-CARD-0026,SRC-0065,A,bibliographic,yes,no,SRC-0065,used,NONE
V1-CS-0049,A04-MATRIX-0049,V1-CARD-0027,SRC-0037,A,both,yes,yes,SRC-0037,used,NONE
V1-CS-0050,A04-MATRIX-0050,V1-CARD-0027,SRC-0066,B,bibliographic,yes,no,SRC-0066,used,NONE
V1-CS-0051,A04-MATRIX-0051,V1-CARD-0028,SRC-0040,A,both,yes,yes,SRC-0040,used,NONE
V1-CS-0052,A04-MATRIX-0052,V1-CARD-0028,SRC-0067,B,bibliographic,yes,no,SRC-0067,used,NONE
V1-CS-0053,A04-MATRIX-0053,V1-CARD-0029,SRC-0041,A,both,yes,yes,SRC-0041,used,NONE
V1-CS-0054,A04-MATRIX-0054,V1-CARD-0029,SRC-0068,B,bibliographic,yes,no,SRC-0068,used,NONE
V1-CS-0055,A04-MATRIX-0055,V1-CARD-0030,SRC-0041,A,both,yes,yes,SRC-0041,used,NONE
V1-CS-0056,A04-MATRIX-0056,V1-CARD-0030,SRC-0072,A,bibliographic,yes,no,SRC-0072,used,NONE
V1-CS-0057,A04-MATRIX-0057,V1-CARD-0031,SRC-0042,A,both,yes,yes,SRC-0042,used,HOLD-YEAR
V1-CS-0058,A04-MATRIX-0058,V1-CARD-0032,SRC-0043,A,both,yes,yes,SRC-0043,used,NONE
V1-CS-0059,A04-MATRIX-0059,V1-CARD-0033,SRC-0047,B,both,yes,yes,SRC-0047,used,NONE
V1-CS-0060,A04-MATRIX-0060,V1-CARD-0033,SRC-0048,B,both,yes,yes,SRC-0048,used,NONE
V1-CS-0061,A04-MATRIX-0061,V1-CARD-0034,SRC-0044,A,both,yes,yes,SRC-0044,used,NONE
V1-CS-0062,A04-MATRIX-0062,V1-CARD-0034,SRC-0046,A,bibliographic,yes,no,SRC-0046,used,NONE
V1-CS-0063,A04-MATRIX-0063,V1-CARD-0035,SRC-0045,A,both,yes,yes,SRC-0045,used,NONE
V1-CS-0064,A04-MATRIX-0064,V1-CARD-0036,SRC-0046,A,both,yes,yes,SRC-0046,used,CONTEXT-EVENT
V1-CS-0065,A04-MATRIX-0065,V1-CARD-0036,SRC-0046,A,context,no,no,SRC-0046,hold_or_gap_only,CONTEXT-EVENT
V1-CS-0066,A04-MATRIX-0065,V1-CARD-0036,SRC-0063,A,context,no,no,SRC-0063,hold_or_gap_only,CONTEXT-EVENT
V1-CS-0067,A04-MATRIX-0066,V1-CARD-0037,SRC-0054,B,both,yes,yes,SRC-0054,used,AUTHOR-LEVEL-POLITICAL
V1-CS-0068,A04-MATRIX-0067,V1-CARD-0037,SRC-0055,B,both,yes,yes,SRC-0055,used,AUTHOR-LEVEL-POLITICAL
V1-CS-0069,A04-MATRIX-0068,V1-CARD-0037,SRC-0060,B,context,no,no,SRC-0060,hold_or_gap_only,AUTHOR-LEVEL-POLITICAL
V1-CS-0070,A04-MATRIX-0069,V1-CARD-0038,SRC-0049,A,both,yes,yes,SRC-0049,used,NONE
V1-CS-0071,A04-MATRIX-0070,V1-CARD-0038,SRC-0053,A,research,no,yes,SRC-0053,used,NONE
V1-CS-0072,A04-MATRIX-0071,V1-CARD-0038,SRC-0055,B,both,yes,yes,SRC-0055,used,NONE
V1-CS-0073,A04-MATRIX-0072,V1-CARD-0039,SRC-0050,A,both,yes,yes,SRC-0050,used,POLITICAL-GAP
V1-CS-0074,A04-MATRIX-0073,V1-CARD-0039,SRC-0070,B,bibliographic,yes,no,SRC-0070,used,POLITICAL-GAP
V1-CS-0075,A04-MATRIX-0074,V1-CARD-0040,SRC-0052,A,both,yes,yes,SRC-0052,used,POLITICAL-HOLD
V1-CS-0076,A04-MATRIX-0075,V1-CARD-0040,SRC-0054,B,bibliographic,yes,no,SRC-0054,used,POLITICAL-HOLD
V1-CS-0077,A04-MATRIX-0076,V1-CARD-0040,SRC-0055,B,research,no,yes,SRC-0055,used,POLITICAL-HOLD
V1-CS-0078,A04-MATRIX-0077,V1-CARD-0040,SRC-0059,A,context,no,no,SRC-0059,hold_or_gap_only,POLITICAL-HOLD
V1-CS-0079,A05-SRC-0001,V1-CARD-0011,SRC-0073,A,research_partial_story_level,no,partial,SRC-0073,partial_support,STORY-LEVEL-ONLY
V1-CS-0080,A05-SRC-0003,V1-CARD-0020,SRC-0074,A,research,no,yes,SRC-0074,used,NONE
V1-CS-0081,,V1-CARD-0041,SRC-0087,B,both,yes,yes,SRC-0087,used,NONE
V1-CS-0082,,V1-CARD-0042,SRC-0088,B,both,yes,yes,SRC-0088,used,NONE
V1-CS-0083,,V1-CARD-0043,SRC-0088,B,both,yes,yes,SRC-0088,used,NONE
V1-CS-0084,,V1-CARD-0044,SRC-0089,B,both,yes,yes,SRC-0089,used,NONE
V1-CS-0085,,V1-CARD-0044,SRC-0090,B,both,yes,yes,SRC-0090,used,NONE
V1-CS-0086,,V1-CARD-0045,SRC-0091,B,both,yes,yes,SRC-0091,used,NONE
V1-CS-0087,,V1-CARD-0046,SRC-0089,B,both,yes,yes,SRC-0089,used,NONE
V1-CS-0088,,V1-CARD-0046,SRC-0091,B,both,yes,yes,SRC-0091,used,NONE
V1-CS-0089,,V1-CARD-0047,SRC-0089,B,both,yes,yes,SRC-0089,used,NONE
V1-CS-0090,,V1-CARD-0047,SRC-0091,B,both,yes,yes,SRC-0091,used,NONE
V1-CS-0091,,V1-CARD-0048,SRC-0092,A,both,yes,yes,SRC-0092,used,NONE
V1-CS-0092,,V1-CARD-0049,SRC-0092,A,both,yes,yes,SRC-0092,used,NONE
V1-CS-0093,,V1-CARD-0049,SRC-0094,A,both,yes,yes,SRC-0094,used,NONE
V1-CS-0094,,V1-CARD-0050,SRC-0094,A,both,yes,yes,SRC-0094,used,NONE
V1-CS-0095,,V1-CARD-0050,SRC-0095,B,both,yes,yes,SRC-0095,used,NONE
V1-CS-0096,,V1-CARD-0051,SRC-0094,A,both,yes,yes,SRC-0094,used,NONE
V1-CS-0097,,V1-CARD-0051,SRC-0095,B,both,yes,yes,SRC-0095,used,NONE
V1-CS-0098,,V1-CARD-0052,SRC-0100,B,both,yes,yes,SRC-0100,used,NONE
V1-CS-0099,,V1-CARD-0053,SRC-0101,B,both,yes,yes,SRC-0101,used,NONE
V1-CS-0100,,V1-CARD-0054,SRC-0103,B,both,yes,yes,SRC-0103,used,NONE
V1-CS-0101,,V1-CARD-0055,SRC-0104,B,both,yes,yes,SRC-0104,used,NONE
V1-CS-0102,,V1-CARD-0056,SRC-0098,B,both,yes,yes,SRC-0098,used,NONE
V1-CS-0103,,V1-CARD-0057,SRC-0099,B,both,yes,yes,SRC-0099,used,NONE
V1-CS-0104,,V1-CARD-0058,SRC-0066,B,both,yes,yes,SRC-0066,used,NONE
V1-CS-0105,,V1-CARD-0058,SRC-0102,B,both,yes,yes,SRC-0102,used,NONE
V1-CS-0106,,V1-CARD-0059,SRC-0105,B,both,yes,yes,SRC-0105,used,NONE
V1-CS-0107,,V1-CARD-0060,SRC-0106,B,both,yes,yes,SRC-0106,used,NONE
V1-CS-0108,,V1-CARD-0061,SRC-0122,B,both,yes,yes,SRC-0122,used,NONE
V1-CS-0109,,V1-CARD-0062,SRC-0121,B,both,yes,yes,SRC-0121,used,NONE
