work_original,work_zh,source_ids,source_count,ab_count,primary_source,limitation
Cien años de soledad,《百年孤独》,B02-SRC-0001;B02-SRC-0004;B02-SRC-0005,3,3,B02-SRC-0001,
El coronel no tiene quien le escriba,《没有人给他写信的上校》,B02-SRC-0002,1,1,B02-SRC-0002,
Crónica de una muerte anunciada,《一桩事先张扬的凶杀案》,B02-SRC-0003,1,1,B02-SRC-0003,
Rayuela,《跳房子》,B02-SRC-0007,1,1,B02-SRC-0007,
Bestiario,《动物寓言集》,B02-SRC-0006,1,1,B02-SRC-0006,篇目明细未逐篇建实体
Final del juego,《游戏的终结》,B02-SRC-0006;B02-SRC-0009,2,2,B02-SRC-0009,篇目明细未逐篇建实体
El reino de este mundo,《人间王国》,B02-SRC-0011;B02-SRC-0014;B02-SRC-0015,3,1,B02-SRC-0011,
Los pasos perdidos,《消逝的足迹》,B02-SRC-0012,1,1,B02-SRC-0012,
El siglo de las luces,《光明世纪》,B02-SRC-0013,1,1,B02-SRC-0013,
