entity_id,entity_type,original_name,current_name_zh,proposed_name_zh,display_name_status,current_evidence,issue_type,recommended_action,audit_decision,confidence,requires_research,priority,core_scope,origin_batch,notes
V1-ENT-0001,place,Argentina,阿根廷,阿根廷,canonical_candidate,STG-ENT-0001;B02-ENT-0025,none,retain,PASS,high,no,P0,formal_public,legacy/master governance,
V1-ENT-0002,author,Jorge Luis Borges,豪尔赫·路易斯·博尔赫斯,豪尔赫·路易斯·博尔赫斯,canonical_candidate,STG-ENT-0002,none,retain,PASS,high,no,P0,formal_public,legacy/master governance,
V1-ENT-0003,work,El jardín de senderos que se bifurcan,《小径分岔的花园》,《小径分岔的花园》,canonical_candidate,STG-ENT-0003,none,retain,PASS,high,no,P0,formal_public,legacy/master governance,
V1-ENT-0004,work,El Aleph,《阿莱夫》,《阿莱夫》,canonical_candidate,STG-ENT-0004,none,retain,PASS,high,no,P0,formal_public,legacy/master governance,
V1-ENT-0005,author,Arthur Schopenhauer,阿图尔·叔本华,阿图尔·叔本华,canonical_candidate,STG-ENT-0005,none,retain,PASS,high,no,P3,research_only,legacy/master governance,
V1-ENT-0006,author,Franz Kafka,弗兰茨·卡夫卡,弗兰茨·卡夫卡,canonical_candidate,STG-ENT-0006,none,retain,PASS,high,no,P3,research_only,legacy/master governance,
V1-ENT-0007,author,G. K. Chesterton,吉尔伯特·基思·切斯特顿,吉尔伯特·基思·切斯特顿,canonical_candidate,STG-ENT-0007,none,retain,PASS,high,no,P3,research_only,legacy/master governance,
V1-ENT-0008,place,Ashgrove,阿什格罗夫,阿什格罗夫,canonical_candidate,STG-ENT-0008,none,retain,PASS,high,no,P2,research_only,legacy/master governance,
V1-ENT-0009,place,calle Garay,加雷街,加雷街,canonical_candidate,STG-ENT-0009,none,retain,PASS,high,no,P2,research_only,legacy/master governance,
V1-ENT-0010,movement,ultraísmo,极端主义（超主义）,极端主义（超主义）,canonical_candidate,STG-ENT-0010,none,retain,PASS,high,no,P3,research_only,legacy/master governance,
V1-ENT-0011,collection,Ficciones,《虚构集》,《虚构集》,canonical_candidate,STG-ENT-0011,none,retain,PASS,high,no,P3,research_only,legacy/master governance,
V1-ENT-0012,collection,El Aleph,《阿莱夫》,《阿莱夫》,canonical_candidate,STG-ENT-0012,none,retain,PASS,high,no,P3,research_only,legacy/master governance,
V1-ENT-0013,theme,,时间的分岔与无限（多重未来）,时间的分岔与无限（多重未来）,canonical_candidate,STG-ENT-0013,project-internal Chinese concept has no foreign-language source title,retain Chinese canonical label,NO_CHINESE_NAME_NEEDED,high,no,P3,research_only,legacy/master governance,
V1-ENT-0014,theme,memoria y olvido,记忆与遗忘,记忆与遗忘,canonical_candidate,STG-ENT-0014;B01-ENT-0039,none,retain,PASS,high,no,P3,research_only,legacy/master governance,
V1-ENT-0015,theme,,无限与不可言说（阿莱夫）,无限与不可言说（阿莱夫）,canonical_candidate,STG-ENT-0015,project-internal Chinese concept has no foreign-language source title,retain Chinese canonical label,NO_CHINESE_NAME_NEEDED,high,no,P3,research_only,legacy/master governance,
V1-ENT-0016,author,Clarice Lispector,克拉丽丝·李斯佩克朵,克拉丽丝·李斯佩克朵,canonical_candidate,STG-ENT-0016,none,retain,PASS,high,no,P0,formal_public,legacy/master governance,
V1-ENT-0017,work,Água viva,《活水》,《活水》,canonical_candidate,STG-ENT-0017,none,retain,PASS,high,no,P0,formal_public,legacy/master governance,
V1-ENT-0018,work,A hora da estrela,《星辰时刻》,《星辰时刻》,canonical_candidate,STG-ENT-0018,none,retain,PASS,high,no,P0,formal_public,legacy/master governance,
V1-ENT-0019,collection,Laços de família,《家庭纽带》,《家庭纽带》,canonical_candidate,STG-ENT-0019,none,retain,PASS,high,no,P3,research_only,legacy/master governance,
V1-ENT-0020,work,A paixão segundo G.H.,《G.H. 受难》,《G.H. 受难》,canonical_candidate,STG-ENT-0020,none,retain,PASS,high,no,P3,research_only,legacy/master governance,
V1-ENT-0021,adaptation,A hora da estrela (filme),《星辰时刻》,《星辰时刻》,canonical_candidate,STG-ENT-0021,none,retain,PASS,high,no,P3,research_only,legacy/master governance,
V1-ENT-0022,place,Rio de Janeiro,里约热内卢,里约热内卢,canonical_candidate,STG-ENT-0022,none,retain,PASS,high,no,P0,formal_public,legacy/master governance,
V1-ENT-0023,theme,,家庭关系与内心生活,家庭关系与内心生活,canonical_candidate,STG-ENT-0023,project-internal Chinese concept has no foreign-language source title,retain Chinese canonical label,NO_CHINESE_NAME_NEEDED,high,no,P3,research_only,legacy/master governance,
V1-ENT-0024,theme,,时间、当下瞬间与沉默,时间、当下瞬间与沉默,canonical_candidate,STG-ENT-0024,project-internal Chinese concept has no foreign-language source title,retain Chinese canonical label,NO_CHINESE_NAME_NEEDED,high,no,P3,research_only,legacy/master governance,
V1-ENT-0025,theme,,社会不平等与书写,社会不平等与书写,canonical_candidate,STG-ENT-0025,project-internal Chinese concept has no foreign-language source title,retain Chinese canonical label,NO_CHINESE_NAME_NEEDED,high,no,P0,formal_public,legacy/master governance,
V1-ENT-0026,work,Um sopro de vida,《生命的气息》,《生命的气息》,canonical_candidate,STG-ENT-0026,none,retain,PASS,high,no,P3,research_only,legacy/master governance,
V1-ENT-0027,theme,sublimação e feminino,升华、沉默与女性写作（精神分析视角）,升华、沉默与女性写作（精神分析视角）,canonical_candidate,STG-ENT-0027,none,retain,PASS,high,no,P3,research_only,legacy/master governance,
V1-ENT-0028,theme,,女性人物与21世纪再读,女性人物与21世纪再读,canonical_candidate,STG-ENT-0028,project-internal Chinese concept has no foreign-language source title,retain Chinese canonical label,NO_CHINESE_NAME_NEEDED,high,no,P3,research_only,legacy/master governance,
V1-ENT-0029,author,Elena Garro,埃莱娜·加罗,埃莱娜·加罗,canonical_candidate,B01-ENT-0001,none,retain,PASS,high,no,P0,formal_public,legacy/master governance,
V1-ENT-0030,author,Rosario Castellanos,罗萨里奥·卡斯特利亚诺斯,罗萨里奥·卡斯特利亚诺斯,canonical_candidate,B01-ENT-0002,none,retain,PASS,high,no,P0,formal_public,legacy/master governance,
V1-ENT-0031,author,Juan Rulfo,胡安·鲁尔福,胡安·鲁尔福,canonical_candidate,B01-ENT-0003,none,retain,PASS,high,no,P0,formal_public,legacy/master governance,
V1-ENT-0032,work,Los recuerdos del porvenir,《未来的回忆》,《未来的回忆》,canonical_candidate,B01-ENT-0004,none,retain,PASS,high,no,P0,formal_public,legacy/master governance,
V1-ENT-0033,collection,La semana de colores,《彩色的一周》,《彩色的一周》,canonical_candidate,B01-ENT-0005,none,retain,PASS,high,no,P3,research_only,legacy/master governance,
V1-ENT-0034,work,Testimonios sobre Mariana,《关于玛丽安娜的证词》,《关于玛丽安娜的证词》,canonical_candidate,B01-ENT-0006,none,retain,PASS,high,no,P3,research_only,legacy/master governance,
V1-ENT-0035,work,Balún Canán,《巴伦坎南》,《巴伦坎南》,canonical_candidate,B01-ENT-0007,none,retain,PASS,high,no,P0,formal_public,legacy/master governance,
V1-ENT-0036,work,Oficio de tinieblas,《黑暗的职守》,《黑暗的职守》,canonical_candidate,B01-ENT-0008,none,retain,PASS,high,no,P3,research_only,legacy/master governance,
V1-ENT-0037,collection,Poesía no eres tú,《诗歌不是你》,《诗歌不是你》,canonical_candidate,B01-ENT-0009,none,retain,PASS,high,no,P3,research_only,legacy/master governance,
V1-ENT-0038,work,Pedro Páramo,《佩德罗·巴拉莫》,《佩德罗·巴拉莫》,canonical_candidate,B01-ENT-0010,none,retain,PASS,high,no,P0,formal_public,legacy/master governance,
V1-ENT-0039,collection,El Llano en llamas,《燃烧的原野》,《燃烧的原野》,canonical_candidate,B01-ENT-0011,none,retain,PASS,high,no,P3,research_only,legacy/master governance,
V1-ENT-0040,work,El gallo de oro,《金鸡》,《金鸡》,canonical_candidate,B01-ENT-0012,none,retain,PASS,high,no,P3,research_only,legacy/master governance,
V1-ENT-0041,work,La culpa es de los tlaxcaltecas,《La culpa es de los tlaxcaltecas》,《La culpa es de los tlaxcaltecas》,canonical_candidate,B01-ENT-0013,none,retain,PASS,high,no,P3,research_only,legacy/master governance,
V1-ENT-0042,adaptation,Los recuerdos del porvenir (filme),《未来的回忆》（1968 年电影）,《未来的回忆》（1968 年电影）,canonical_candidate,B01-ENT-0014,none,retain,PASS,high,no,P3,research_only,legacy/master governance,
V1-ENT-0043,edition,Balún-Canán (FCE 2007),Balún-Canán（FCE 2007 版）,Balún-Canán（FCE 2007 版）,canonical_candidate,B01-ENT-0015,none,retain,PASS,high,no,P3,research_only,legacy/master governance,
V1-ENT-0044,work,El eterno femenino,《永恒的女性》,《永恒的女性》,canonical_candidate,B01-ENT-0016,none,retain,PASS,high,no,P3,research_only,legacy/master governance,
V1-ENT-0045,work,Felipe Ángeles,《费利佩·安赫莱斯》,《费利佩·安赫莱斯》,canonical_candidate,B01-ENT-0017,none,retain,PASS,high,no,P3,research_only,legacy/master governance,
V1-ENT-0046,edition,Pedro Páramo (FCE 1964),Pedro Páramo（FCE 1964 版）,Pedro Páramo（FCE 1964 版）,canonical_candidate,B01-ENT-0018,none,retain,PASS,high,no,P3,research_only,legacy/master governance,
V1-ENT-0047,character,Francisco Rosas,弗朗西斯科·罗萨斯,弗朗西斯科·罗萨斯,canonical_candidate,B01-ENT-0019,none,retain,PASS,high,no,P3,research_only,legacy/master governance,
V1-ENT-0048,character,Julia Andrade,胡利娅·安德拉德,胡利娅·安德拉德,canonical_candidate,B01-ENT-0020,none,retain,PASS,high,no,P3,research_only,legacy/master governance,
V1-ENT-0049,character,Juan Preciado,胡安·普雷西亚多,胡安·普雷西亚多,canonical_candidate,B01-ENT-0021,none,retain,PASS,high,no,P3,research_only,legacy/master governance,
V1-ENT-0050,character,Pedro Páramo,佩德罗·巴拉莫（人物）,佩德罗·巴拉莫（人物）,canonical_candidate,B01-ENT-0022,none,retain,PASS,high,no,P3,research_only,legacy/master governance,
V1-ENT-0051,place,México,墨西哥,墨西哥,canonical_candidate,B01-ENT-0023,none,retain,PASS,high,no,P0,formal_public,legacy/master governance,
V1-ENT-0052,place,Chiapas,恰帕斯,恰帕斯,canonical_candidate,B01-ENT-0024,none,retain,PASS,high,no,P0,formal_public,legacy/master governance,
V1-ENT-0053,place,Comitán,科米坦,科米坦,canonical_candidate,B01-ENT-0025,none,retain,PASS,high,no,P0,formal_public,legacy/master governance,
V1-ENT-0054,place,Ixtepec,伊斯特佩克,伊斯特佩克,canonical_candidate,B01-ENT-0026,none,retain,PASS,high,no,P0,formal_public,legacy/master governance,
V1-ENT-0055,place,Comala,科马拉,科马拉,canonical_candidate,B01-ENT-0027,none,retain,PASS,high,no,P0,formal_public,legacy/master governance,
V1-ENT-0056,place,Ciudad de México,墨西哥城,墨西哥城,canonical_candidate,B01-ENT-0028,none,retain,PASS,high,no,P0,formal_public,legacy/master governance,
V1-ENT-0057,place,San Gabriel,圣加布里埃尔,圣加布里埃尔,canonical_candidate,B01-ENT-0029,none,retain,PASS,high,no,P0,formal_public,legacy/master governance,
V1-ENT-0058,person,Arturo Ripstein,阿图罗·里普斯坦,阿图罗·里普斯坦,canonical_candidate,B01-ENT-0030,none,retain,PASS,high,no,P3,research_only,legacy/master governance,
V1-ENT-0059,author,Octavio Paz,奥克塔维奥·帕斯,奥克塔维奥·帕斯,canonical_candidate,B01-ENT-0031,none,retain,PASS,high,no,P0,formal_public,legacy/master governance,
V1-ENT-0060,institution,Fondo de Cultura Económica,经济文化基金出版社,经济文化基金出版社,canonical_candidate,B01-ENT-0032,none,retain,PASS,high,no,P3,research_only,legacy/master governance,
V1-ENT-0061,institution,Joaquín Mortiz,华金·莫蒂斯出版社,华金·莫蒂斯出版社,canonical_candidate,B01-ENT-0033,none,retain,PASS,high,no,P3,research_only,legacy/master governance,
V1-ENT-0062,institution,Universidad Nacional Autónoma de México,墨西哥国立自治大学,墨西哥国立自治大学,canonical_candidate,B01-ENT-0034,none,retain,PASS,high,no,P3,research_only,legacy/master governance,
V1-ENT-0063,institution,Instituto Nacional Indigenista,墨西哥国立原住民研究所,墨西哥国立原住民研究所,canonical_candidate,B01-ENT-0035,none,retain,PASS,high,no,P3,research_only,legacy/master governance,
V1-ENT-0064,movement,novela de la Revolución Mexicana,墨西哥革命小说,墨西哥革命小说,canonical_candidate,B01-ENT-0036,none,retain,PASS,high,no,P3,research_only,legacy/master governance,
V1-ENT-0065,event,Guerra Cristera,基督战争,基督战争,canonical_candidate,B01-ENT-0037,none,retain,PASS,high,no,P3,research_only,legacy/master governance,
V1-ENT-0066,event,Movimiento de 1968 y exilio de Elena Garro,1968 年特拉特洛尔科事件与加罗流亡,1968 年特拉特洛尔科事件与加罗流亡,canonical_candidate,B01-ENT-0038,none,retain,PASS,high,no,P3,research_only,legacy/master governance,
V1-ENT-0067,theme,tiempo e historia,时间与历史,时间与历史,canonical_candidate,B01-ENT-0040,none,retain,PASS,high,no,P3,research_only,legacy/master governance,
V1-ENT-0068,theme,violencia y lenguaje,暴力与语言,暴力与语言,canonical_candidate,B01-ENT-0041,none,retain,PASS,high,no,P3,research_only,legacy/master governance,
V1-ENT-0069,theme,el silencio,沉默,沉默,canonical_candidate,B01-ENT-0042,none,retain,PASS,high,no,P3,research_only,legacy/master governance,
V1-ENT-0070,theme,Revolución y Cristiada,革命与基督战争,革命与基督战争,canonical_candidate,B01-ENT-0043,none,retain,PASS,high,no,P3,research_only,legacy/master governance,
V1-ENT-0071,theme,campo y posrevolución,乡村与革命后的土地,乡村与革命后的土地,canonical_candidate,B01-ENT-0044,none,retain,PASS,high,no,P3,research_only,legacy/master governance,
V1-ENT-0072,author,Gabriel García Márquez,加西亚·马尔克斯,加西亚·马尔克斯,canonical_candidate,B02-ENT-0001,none,retain,PASS,high,no,P0,formal_public,legacy/master governance,
V1-ENT-0073,author,Julio Cortázar,胡利奥·科塔萨尔,胡利奥·科塔萨尔,canonical_candidate,B02-ENT-0002,translation/spelling variant,retain current label; record governance disposition,ALIAS,high,no,P0,formal_public,legacy/master governance,"retain charter-approved 胡利奥·科塔萨尔; roadmap variant 胡里奥 is only a future alias candidate, and the current schema has no alias field"
V1-ENT-0074,author,Alejo Carpentier,阿莱霍·卡彭铁尔,阿莱霍·卡彭铁尔,canonical_candidate,B02-ENT-0003,none,retain,PASS,high,no,P0,formal_public,legacy/master governance,
V1-ENT-0075,work,Cien años de soledad,《百年孤独》,《百年孤独》,canonical_candidate,B02-ENT-0004,none,retain,PASS,high,no,P0,formal_public,legacy/master governance,
V1-ENT-0076,work,El coronel no tiene quien le escriba,《没有人给他写信的上校》,《没有人给他写信的上校》,canonical_candidate,B02-ENT-0005,none,retain,PASS,high,no,P0,formal_public,legacy/master governance,
V1-ENT-0077,work,Crónica de una muerte anunciada,《一桩事先张扬的凶杀案》,《一桩事先张扬的凶杀案》,canonical_candidate,B02-ENT-0006,none,retain,PASS,high,no,P0,formal_public,legacy/master governance,
V1-ENT-0078,work,Rayuela,《跳房子》,《跳房子》,canonical_candidate,B02-ENT-0007,none,retain,PASS,high,no,P0,formal_public,legacy/master governance,
V1-ENT-0079,work,El reino de este mundo,《人间王国》,《人间王国》,canonical_candidate,B02-ENT-0008,none,retain,PASS,high,no,P0,formal_public,legacy/master governance,
V1-ENT-0080,work,Los pasos perdidos,《消逝的足迹》,《消逝的足迹》,canonical_candidate,B02-ENT-0009,none,retain,PASS,high,no,P0,formal_public,legacy/master governance,
V1-ENT-0081,work,El siglo de las luces,《光明世纪》,《光明世纪》,canonical_candidate,B02-ENT-0010,none,retain,PASS,high,no,P0,formal_public,legacy/master governance,
V1-ENT-0082,collection,Bestiario,《动物寓言集》,《动物寓言集》,canonical_candidate,B02-ENT-0011,none,retain,PASS,high,no,P3,research_only,legacy/master governance,
V1-ENT-0083,collection,Final del juego,《游戏的终结》,《游戏的终结》,canonical_candidate,B02-ENT-0012,none,retain,PASS,high,no,P3,research_only,legacy/master governance,
V1-ENT-0084,work,El otro cielo,《另一个天空》,《另一个天空》,canonical_candidate,B02-ENT-0013,none,retain,PASS,high,no,P3,research_only,legacy/master governance,
V1-ENT-0085,work,Manuscrito hallado en un bolsillo,《口袋里发现的手稿》,《口袋里发现的手稿》,canonical_candidate,B02-ENT-0014,none,retain,PASS,high,no,P3,research_only,legacy/master governance,
V1-ENT-0086,adaptation,Der gläserne Himmel,《水晶天空》,《水晶天空》,canonical_candidate,B02-ENT-0015,none,retain,PASS,high,no,P3,research_only,legacy/master governance,
V1-ENT-0087,adaptation,Jogo subterraneo,《地下游戏》,《地下游戏》,canonical_candidate,B02-ENT-0016,none,retain,PASS,high,no,P3,research_only,legacy/master governance,
V1-ENT-0088,person,Nina Grosse,妮娜·格罗塞,妮娜·格罗塞,canonical_candidate,B02-ENT-0017,none,retain,PASS,high,no,P3,research_only,legacy/master governance,
V1-ENT-0089,person,Roberto Gervitz,罗贝托·热尔维茨,罗贝托·热尔维茨,canonical_candidate,B02-ENT-0018,none,retain,PASS,high,no,P3,research_only,legacy/master governance,
V1-ENT-0090,character,Santiago Nasar,圣地亚哥·纳萨尔,圣地亚哥·纳萨尔,canonical_candidate,B02-ENT-0019,none,retain,PASS,high,no,P3,research_only,legacy/master governance,
V1-ENT-0091,character,el coronel,上校（《没有人给他写信的上校》人物）,上校（《没有人给他写信的上校》人物）,canonical_candidate,B02-ENT-0020,none,retain,PASS,high,no,P3,research_only,legacy/master governance,
V1-ENT-0092,character,Agustín,奥古斯丁,奥古斯丁,canonical_candidate,B02-ENT-0021,none,retain,PASS,high,no,P3,research_only,legacy/master governance,
V1-ENT-0093,character,Mackandal,马康达尔,马康达尔,canonical_candidate,B02-ENT-0022,none,retain,PASS,high,no,P3,research_only,legacy/master governance,
V1-ENT-0094,character,Henri Christophe,亨利·克里斯托夫,亨利·克里斯托夫,canonical_candidate,B02-ENT-0023,none,retain,PASS,high,no,P3,research_only,legacy/master governance,
V1-ENT-0095,place,Colombia,哥伦比亚,哥伦比亚,canonical_candidate,B02-ENT-0024,none,retain,PASS,high,no,P0,formal_public,legacy/master governance,
V1-ENT-0096,place,Cuba,古巴,古巴,canonical_candidate,B02-ENT-0026,none,retain,PASS,high,no,P0,formal_public,legacy/master governance,
V1-ENT-0097,place,Macondo,马孔多,马孔多,canonical_candidate,B02-ENT-0027,none,retain,PASS,high,no,P0,formal_public,legacy/master governance,
V1-ENT-0098,place,Aracataca,阿卡塔卡,阿卡塔卡,canonical_candidate,B02-ENT-0028,none,retain,PASS,high,no,P0,formal_public,legacy/master governance,
V1-ENT-0099,movement,realismo mágico,魔幻现实主义,魔幻现实主义,canonical_candidate,B02-ENT-0029,none,retain,PASS,high,no,P3,research_only,legacy/master governance,
V1-ENT-0100,movement,lo real maravilloso,美洲神奇现实,美洲神奇现实,canonical_candidate,B02-ENT-0030,none,retain,PASS,high,no,P3,research_only,legacy/master governance,
V1-ENT-0101,movement,neobarroco,新巴洛克,新巴洛克,canonical_candidate,B02-ENT-0031,none,retain,PASS,high,no,P3,research_only,legacy/master governance,
V1-ENT-0102,theme,ética y condición humana,伦理与人性,伦理与人性,canonical_candidate,B02-ENT-0032,none,retain,PASS,high,no,P3,research_only,legacy/master governance,
V1-ENT-0103,theme,miseria y violencia política,贫困与政治暴力,贫困与政治暴力,canonical_candidate,B02-ENT-0033,none,retain,PASS,high,no,P3,research_only,legacy/master governance,
V1-ENT-0104,theme,culpa y verdad suspendida,罪责与真相的悬置,罪责与真相的悬置,canonical_candidate,B02-ENT-0034,none,retain,PASS,high,no,P3,research_only,legacy/master governance,
V1-ENT-0105,theme,lector activo y narrativa anticanónica,读者参与与反传统叙事,读者参与与反传统叙事,canonical_candidate,B02-ENT-0035,none,retain,PASS,high,no,P3,research_only,legacy/master governance,
V1-ENT-0106,theme,sueño y realidad,梦境与现实的模糊,梦境与现实的模糊,canonical_candidate,B02-ENT-0036,none,retain,PASS,high,no,P3,research_only,legacy/master governance,
V1-ENT-0107,theme,juegos de máscaras y dobleces del yo,面具游戏与自我的折叠,面具游戏与自我的折叠,canonical_candidate,B02-ENT-0037,none,retain,PASS,high,no,P3,research_only,legacy/master governance,
V1-ENT-0108,theme,transculturación e identidad latinoamericana,跨文化与美洲身份,跨文化与美洲身份,canonical_candidate,B02-ENT-0038,none,retain,PASS,high,no,P3,research_only,legacy/master governance,
V1-ENT-0109,theme,América y tradición occidental,美洲与西方传统,美洲与西方传统,canonical_candidate,B02-ENT-0039,none,retain,PASS,high,no,P3,research_only,legacy/master governance,
V1-ENT-0110,theme,"arte, Ilustración y crítica de la modernidad",艺术、启蒙与现代性批判,艺术、启蒙与现代性批判,canonical_candidate,B02-ENT-0040,none,retain,PASS,high,no,P3,research_only,legacy/master governance,
V1-ENT-0111,theme,romance urbano y azar,城市浪漫与偶然,城市浪漫与偶然,canonical_candidate,B02-ENT-0041,none,retain,PASS,high,no,P3,research_only,legacy/master governance,
V1-ENT-0112,event,Premio Nobel de Literatura 1982,1982 年诺贝尔文学奖,1982 年诺贝尔文学奖,canonical_candidate,B02-ENT-0042,none,retain,PASS,high,no,P3,research_only,legacy/master governance,
V1-ENT-0113,institution,Instituto Cervantes,塞万提斯学院,塞万提斯学院,canonical_candidate,B02-ENT-0043,none,retain,PASS,high,no,P3,research_only,legacy/master governance,
V1-ENT-0114,author,Mario Vargas Llosa,马里奥·巴尔加斯·略萨,马里奥·巴尔加斯·略萨,canonical_candidate,B03-ENT-0001,none,retain,PASS,high,no,P0,formal_public,legacy/master governance,
V1-ENT-0115,author,Pablo Neruda,巴勃罗·聂鲁达,巴勃罗·聂鲁达,canonical_candidate,B03-ENT-0002,none,retain,PASS,high,no,P0,formal_public,legacy/master governance,
V1-ENT-0116,work,La ciudad y los perros,《城市与狗》,《城市与狗》,canonical_candidate,B03-ENT-0003,none,retain,PASS,high,no,P0,formal_public,legacy/master governance,
V1-ENT-0117,work,Conversación en La Catedral,《酒吧长谈》,《酒吧长谈》,canonical_candidate,B03-ENT-0004,none,retain,PASS,high,no,P0,formal_public,legacy/master governance,
V1-ENT-0118,work,La guerra del fin del mundo,《世界末日之战》,《世界末日之战》,canonical_candidate,B03-ENT-0005,none,retain,PASS,high,no,P0,formal_public,legacy/master governance,
V1-ENT-0119,collection,Veinte poemas de amor y una canción desesperada,《二十首情诗和一支绝望的歌》,《二十首情诗和一支绝望的歌》,canonical_candidate,B03-ENT-0006,none,retain,PASS,high,no,P3,research_only,legacy/master governance,
V1-ENT-0120,collection,Residencia en la tierra,《大地上的居所》,《大地上的居所》,canonical_candidate,B03-ENT-0007,none,retain,PASS,high,no,P3,research_only,legacy/master governance,
V1-ENT-0121,collection,Canto general,《漫歌》,《漫歌》,canonical_candidate,B03-ENT-0008,none,retain,PASS,high,no,P3,research_only,legacy/master governance,
V1-ENT-0122,work,Alturas de Macchu Picchu,《马丘比丘高地》,《马丘比丘高地》,canonical_candidate,B03-ENT-0009,none,retain,PASS,high,no,P3,research_only,legacy/master governance,
V1-ENT-0123,place,Chile,智利,智利,canonical_candidate,B03-ENT-0010,none,retain,PASS,high,no,P0,formal_public,legacy/master governance,
V1-ENT-0124,place,Perú,秘鲁,秘鲁,canonical_candidate,B03-ENT-0011,none,retain,PASS,high,no,P0,formal_public,legacy/master governance,
V1-ENT-0125,place,Lima,利马,利马,canonical_candidate,B03-ENT-0012,none,retain,PASS,high,no,P0,formal_public,legacy/master governance,
V1-ENT-0126,place,Arequipa,阿雷基帕,阿雷基帕,canonical_candidate,B03-ENT-0013,none,retain,PASS,high,no,P0,formal_public,legacy/master governance,
V1-ENT-0127,place,Parral,帕拉尔,帕拉尔,canonical_candidate,B03-ENT-0014,none,retain,PASS,high,no,P2,research_only,legacy/master governance,
V1-ENT-0128,place,Santiago (de Chile),圣地亚哥,圣地亚哥,canonical_candidate,B03-ENT-0015,none,retain,PASS,high,no,P0,formal_public,legacy/master governance,
V1-ENT-0129,place,Madrid,马德里,马德里,canonical_candidate,B03-ENT-0016,none,retain,PASS,high,no,P0,formal_public,legacy/master governance,
V1-ENT-0130,movement,boom latinoamericano,文学爆炸,文学爆炸,canonical_candidate,B03-ENT-0017,none,retain,PASS,high,no,P3,research_only,legacy/master governance,
V1-ENT-0131,movement,modernismo,现代主义,现代主义,canonical_candidate,B03-ENT-0018,none,retain,PASS,high,no,P3,research_only,legacy/master governance,
V1-ENT-0132,movement,vanguardismo,先锋派,先锋派,canonical_candidate,B03-ENT-0019,none,retain,PASS,high,no,P3,research_only,legacy/master governance,
V1-ENT-0133,theme,encierro y evasión (Lima),利马的困闭与逃避,利马的困闭与逃避,canonical_candidate,B03-ENT-0020,none,retain,PASS,high,no,P3,research_only,legacy/master governance,
V1-ENT-0134,theme,fracaso de los intelectuales,知识分子的失败与公众角色,知识分子的失败与公众角色,canonical_candidate,B03-ENT-0021,none,retain,PASS,high,no,P3,research_only,legacy/master governance,
V1-ENT-0135,theme,mirada colonial y pensamiento descolonial,殖民视角与去殖民思想,殖民视角与去殖民思想,canonical_candidate,B03-ENT-0022,none,retain,PASS,high,no,P3,research_only,legacy/master governance,
V1-ENT-0136,theme,experiencia del amor,爱情体验,爱情体验,canonical_candidate,B03-ENT-0023,none,retain,PASS,high,no,P3,research_only,legacy/master governance,
V1-ENT-0137,theme,destino del continente (epopeya americana),大陆命运与美洲史诗,大陆命运与美洲史诗,canonical_candidate,B03-ENT-0024,none,retain,PASS,high,no,P0,formal_public,legacy/master governance,
V1-ENT-0138,theme,compromiso político y social,政治与社会承诺,政治与社会承诺,canonical_candidate,B03-ENT-0025,none,retain,PASS,high,no,P3,research_only,legacy/master governance,
V1-ENT-0139,event,Guerra de Canudos,卡努杜斯战争,卡努杜斯战争,canonical_candidate,B03-ENT-0026,none,retain,PASS,high,no,P3,research_only,legacy/master governance,
V1-ENT-0140,event,derrocamiento de Salvador Allende (11 de septiembre de 1973),1973 年智利政变,1973 年智利政变,canonical_candidate,B03-ENT-0027,none,retain,PASS,high,no,P3,research_only,legacy/master governance,
V1-ENT-0141,character,el Consejero,劝世者,劝世者,canonical_candidate,B03-ENT-0028,none,retain,PASS,high,no,P3,research_only,legacy/master governance,
V1-ENT-0142,person,María Antonieta Aguirre,玛丽亚·安东涅塔·阿吉雷,玛丽亚·安东涅塔·阿吉雷,canonical_candidate,B03-ENT-0029,none,retain,PASS,high,no,P3,research_only,legacy/master governance,
V1-ENT-0143,person,Delia del Carril,德莉亚·德尔·卡里尔,德莉亚·德尔·卡里尔,canonical_candidate,B03-ENT-0030,none,retain,PASS,high,no,P3,research_only,legacy/master governance,
V1-ENT-0144,institution,Partido Comunista de Chile,智利共产党,智利共产党,canonical_candidate,B03-ENT-0031,none,retain,PASS,high,no,P3,research_only,legacy/master governance,
V1-ENT-0145,author,Carlos Fuentes,卡洛斯·富恩特斯,卡洛斯·富恩特斯,canonical_candidate,CAND-R1-ENT-01,none,retain,PASS,high,no,P0,formal_public,legacy/master governance,
V1-ENT-0146,work,La región más transparente,《最明净的地区》,《最明净的地区》,canonical_candidate,CAND-R1-ENT-02,none,retain,PASS,high,no,P3,research_only,legacy/master governance,
V1-ENT-0147,work,La muerte de Artemio Cruz,《阿尔特米奥·克罗斯之死》,《阿尔特米奥·克罗斯之死》,canonical_candidate,CAND-R1-ENT-03,none,retain,PASS,high,no,P3,research_only,legacy/master governance,
V1-ENT-0148,author,Gabriela Mistral,加夫列拉·米斯特拉尔,加夫列拉·米斯特拉尔,canonical_candidate,CAND-B-SRC-001,none,retain,PASS,high,no,P0,formal_public,legacy/master governance,
V1-ENT-0149,collection,Desolación,《绝望集》,《绝望集》,canonical_candidate,CAND-B-SRC-003,none,retain,PASS,high,no,P0,formal_public,legacy/master governance,
V1-ENT-0150,collection,Ternura,《柔情集》,《柔情集》,canonical_candidate,CAND-B-SRC-003,none,retain,PASS,high,no,P0,formal_public,legacy/master governance,
V1-ENT-0151,collection,Tala,《塔拉集》,《塔拉集》,canonical_candidate,CAND-B-SRC-003,none,retain,PASS,high,no,P0,formal_public,legacy/master governance,
V1-ENT-0153,place,Vicuña,比库尼亚,比库尼亚,canonical_candidate,CAND-B-SRC-001,none,retain,PASS,high,no,P0,formal_public,legacy/master governance,
V1-ENT-0154,work,El laberinto de la soledad,《孤独的迷宫》,《孤独的迷宫》,canonical_candidate,CAND-C-SRC-001; CAND-C-SRC-004,none,retain,PASS,high,no,P0,formal_public,legacy/master governance,
V1-ENT-0155,work,El arco y la lira,《弓与琴》,《弓与琴》,canonical_candidate,CAND-C-SRC-003; CAND-C-SRC-004,none,retain,PASS,high,no,P0,formal_public,legacy/master governance,
V1-ENT-0156,work,Piedra de sol,《太阳石》,《太阳石》,canonical_candidate,CAND-C-SRC-003; CAND-C-SRC-004,none,retain,PASS,high,no,P0,formal_public,legacy/master governance,
V1-ENT-0158,work,El amor en los tiempos del cólera,《霍乱时期的爱情》,《霍乱时期的爱情》,canonical_candidate,CAND-D-SRC-03;CAND-D-SRC-14,none,retain,PASS,high,no,P3,research_only,legacy/master governance,
V1-ENT-0159,work,El otoño del patriarca,《族长的秋天》,《族长的秋天》,canonical_candidate,CAND-D-SRC-04;CAND-D-SRC-15,none,retain,PASS,high,no,P3,research_only,legacy/master governance,
V1-ENT-0160,work,La casa verde,《绿房子》,《绿房子》,canonical_candidate,CAND-D-SRC-06;CAND-D-SRC-16,none,retain,PASS,high,no,P3,research_only,legacy/master governance,
V1-ENT-0161,work,Pantaleón y las visitadoras,《潘达雷昂上尉与劳军女郎》,《潘达雷昂上尉与劳军女郎》,canonical_candidate,CAND-D-SRC-07;CAND-D-SRC-17,none,retain,PASS,high,no,P3,research_only,legacy/master governance,
V1-ENT-0162,collection,El libro de arena,《沙之书》,《沙之书》,canonical_candidate,CAND-D-SRC-01;CAND-D-SRC-12,none,retain,PASS,high,no,P3,research_only,legacy/master governance,
V1-ENT-0163,collection,El informe de Brodie,《布罗迪报告》,《布罗迪报告》,canonical_candidate,CAND-D-SRC-02;CAND-D-SRC-13,none,retain,PASS,high,no,P3,research_only,legacy/master governance,
V1-ENT-0164,collection,Las armas secretas,《秘密武器》,《秘密武器》,canonical_candidate,SRC-0066（reuse）;CAND-D-SRC-05;CAND-D-SRC-18,none,retain,PASS,high,no,P3,research_only,legacy/master governance,
V1-ENT-0165,collection,Cien sonetos de amor,《一百首爱情十四行诗》,《一百首爱情十四行诗》,canonical_candidate,CAND-D-SRC-08;CAND-D-SRC-20,none,retain,PASS,high,no,P3,research_only,legacy/master governance,
V1-ENT-0166,collection,Felicidade clandestina,《隐秘的幸福》,《隐秘的幸福》,canonical_candidate,CAND-D-SRC-09;CAND-D-SRC-19,none,retain,PASS,high,no,P3,research_only,legacy/master governance,
V1-ENT-0167,collection,Guerra del tiempo,《时间之战》,《时间之战》,canonical_candidate,CAND-PM-SRC-02,none,retain,PASS,high,no,P3,research_only,legacy/master governance,
V1-ENT-0168,work,El acoso,《追击》,《追击》,canonical_candidate,CAND-PM-SRC-01,none,retain,PASS,high,no,P3,research_only,legacy/master governance,
V1-ENT-0169,work,Aura,《奥拉》,《奥拉》,canonical_candidate,CAND-HY3-SRC-01,none,retain,PASS,high,no,P0,formal_public,legacy/master governance,
V1-ENT-0170,author,Miguel Ángel Asturias,米格尔·安赫尔·阿斯图里亚斯,米格尔·安赫尔·阿斯图里亚斯,provisional_title,CAND-B02-MIGUEL-AUTHOR,working Chinese display label; no Chinese-edition claim,retain provisional label and original-name anchor,PROVISIONAL,medium,no,P0,formal_public,WEB-CE-B02,
V1-ENT-0171,author,Isabel Allende,伊莎贝尔·阿连德,伊莎贝尔·阿连德,provisional_title,CAND-B02-ISABEL-AUTHOR,working Chinese display label; no Chinese-edition claim,retain provisional label and original-name anchor,PROVISIONAL,medium,no,P0,formal_public,WEB-CE-B02,
V1-ENT-0172,author,Jorge Amado,若热·亚马多,若热·亚马多,published_name,WCD03-SRC-01,documented Chinese publication usage differs from current label,replace with published Chinese author spelling,REPLACE,high,no,P0,formal_public,WEB-CE-B02,previous label should become an alias candidate when an alias schema exists: 若热·亚马多
V1-ENT-0173,work,El Señor Presidente,《总统先生》,《总统先生》,provisional_title,CAND-B02-V1-ENT-0173-WORK,working Chinese display label; no Chinese-edition claim,retain provisional label and original-name anchor,PROVISIONAL,medium,no,P0,formal_public,WEB-CE-B02,
V1-ENT-0174,work,Hombres de maíz,《玉米人》,《玉米人》,provisional_title,CAND-B02-V1-ENT-0174-WORK,working Chinese display label; no Chinese-edition claim,retain provisional label and original-name anchor,PROVISIONAL,medium,no,P0,formal_public,WEB-CE-B02,
V1-ENT-0175,collection,Leyendas de Guatemala,《危地马拉传说》,《危地马拉传说》,provisional_title,CAND-B02-V1-ENT-0175-WORK,working Chinese display label; no Chinese-edition claim,retain provisional label and original-name anchor,PROVISIONAL,medium,no,P0,formal_public,WEB-CE-B02,
V1-ENT-0176,work,La casa de los espíritus,《幽灵之家》,《幽灵之家》,provisional_title,CAND-B02-V1-ENT-0176-WORK,working Chinese display label; no Chinese-edition claim,retain provisional label and original-name anchor,PROVISIONAL,medium,no,P0,formal_public,WEB-CE-B02,
V1-ENT-0177,work,De amor y de sombras,《爱情与阴影》,《爱情与阴影》,provisional_title,CAND-B02-V1-ENT-0177-WORK,working Chinese display label; no Chinese-edition claim,retain provisional label and original-name anchor,PROVISIONAL,medium,no,P0,formal_public,WEB-CE-B02,
V1-ENT-0178,work,Eva Luna,《伊娃·露娜》,《伊娃·露娜》,provisional_title,CAND-B02-V1-ENT-0178-WORK,working Chinese display label; no Chinese-edition claim,retain provisional label and original-name anchor,PROVISIONAL,medium,no,P0,formal_public,WEB-CE-B02,
V1-ENT-0179,work,Dona Flor e seus dois maridos,《弗洛尔和她的两个丈夫》,《弗洛尔和她的两个丈夫》,provisional_title,CAND-B02-V1-ENT-0179-WORK,working Chinese display label; no Chinese-edition claim,retain provisional label and original-name anchor,PROVISIONAL,medium,no,P0,formal_public,WEB-CE-B02,
V1-ENT-0180,work,"Gabriela, cravo e canela",《加布里埃拉》,《加布里埃拉》,provisional_title,CAND-B02-V1-ENT-0180-WORK,working Chinese display label; no Chinese-edition claim,retain provisional label and original-name anchor,PROVISIONAL,medium,no,P0,formal_public,WEB-CE-B02,
V1-ENT-0181,work,Capitães da Areia,《沙滩船长》,《沙滩船长》,provisional_title,CAND-B02-V1-ENT-0181-WORK,working Chinese display label; no Chinese-edition claim,retain provisional label and original-name anchor,PROVISIONAL,medium,no,P0,formal_public,WEB-CE-B02,
V1-ENT-0182,place,Guatemala,危地马拉,危地马拉,provisional_title,CAND-B02-V1-ENT-0182-PLACE,working Chinese display label; no Chinese-edition claim,retain provisional label and original-name anchor,PROVISIONAL,medium,no,P0,formal_public,WEB-CE-B02,
V1-ENT-0183,place,Brazil,巴西,巴西,provisional_title,CAND-B02-V1-ENT-0183-PLACE,working Chinese display label; no Chinese-edition claim,retain provisional label and original-name anchor,PROVISIONAL,medium,no,P0,formal_public,WEB-CE-B02,
V1-ENT-0184,author,Juan Carlos Onetti,胡安·卡洛斯·奥内蒂,胡安·卡洛斯·奥内蒂,provisional_title,CAND-B03-ONETTI-AUTHOR,working Chinese display label; no Chinese-edition claim,retain provisional label and original-name anchor,PROVISIONAL,medium,no,P0,formal_public,WEB-CE-B03,
V1-ENT-0185,author,José Donoso,何塞·多诺索,何塞·多诺索,provisional_title,CAND-B03-DONOSO-AUTHOR,working Chinese display label; no Chinese-edition claim,retain provisional label and original-name anchor,PROVISIONAL,medium,no,P0,formal_public,WEB-CE-B03,
V1-ENT-0186,author,Ernesto Sábato,埃内斯托·萨瓦托,埃内斯托·萨瓦托,provisional_title,CAND-B03-SABATO-AUTHOR,working Chinese display label; no Chinese-edition claim,retain provisional label and original-name anchor,PROVISIONAL,medium,no,P0,formal_public,WEB-CE-B03,
V1-ENT-0187,work,La vida breve,《短暂的生命》,《短暂的生命》,published_title,WCD03-SRC-11;WCD03-SRC-02,multiple documented Chinese edition titles,retain current label; record the other edition title as a future alias candidate,ALIAS,high,no,P0,formal_public,WEB-CE-B03,retain the current mainland edition title 《短暂的生命》; the Taiwan edition title 《短暂的一生》 remains a future alias/edition-title candidate
V1-ENT-0188,work,El astillero,《造船厂》,《造船厂》,provisional_title,CAND-B03-V1-ENT-0188-WORK,working Chinese display label; no Chinese-edition claim,retain provisional label and original-name anchor,PROVISIONAL,medium,no,P0,formal_public,WEB-CE-B03,
V1-ENT-0189,work,Los adioses,《告别》,《告别》,provisional_title,CAND-B03-V1-ENT-0189-WORK,working Chinese display label; no Chinese-edition claim,retain provisional label and original-name anchor,PROVISIONAL,medium,no,P0,formal_public,WEB-CE-B03,
V1-ENT-0190,work,El obsceno pájaro de la noche,《污秽的夜鸟》,《污秽的夜鸟》,published_title,WCD03-SRC-03,documented Chinese publication usage differs from current label,replace with published Chinese title,REPLACE,high,no,P0,formal_public,WEB-CE-B03,previous label should become an alias candidate when an alias schema exists: 《污秽的夜鸟》
V1-ENT-0191,work,El lugar sin límites,《无尽的地方》,《无尽的地方》,provisional_title,CAND-B03-V1-ENT-0191-WORK,working Chinese display label; no Chinese-edition claim,retain provisional label and original-name anchor,PROVISIONAL,medium,no,P0,formal_public,WEB-CE-B03,
V1-ENT-0192,work,Coronación,《加冕》,《加冕》,provisional_title,CAND-B03-V1-ENT-0192-WORK,working Chinese display label; no Chinese-edition claim,retain provisional label and original-name anchor,PROVISIONAL,medium,no,P0,formal_public,WEB-CE-B03,
V1-ENT-0193,work,El túnel,《隧道》,《隧道》,provisional_title,CAND-B03-V1-ENT-0193-WORK,working Chinese display label; no Chinese-edition claim,retain provisional label and original-name anchor,PROVISIONAL,medium,no,P0,formal_public,WEB-CE-B03,
V1-ENT-0194,work,Sobre héroes y tumbas,《英雄与坟墓》,《英雄与坟墓》,provisional_title,CAND-B03-V1-ENT-0194-WORK,working Chinese display label; no Chinese-edition claim,retain provisional label and original-name anchor,PROVISIONAL,medium,no,P0,formal_public,WEB-CE-B03,
V1-ENT-0195,work,Abaddón el exterminador,《毁灭者亚巴顿》,《毁灭者亚巴顿》,published_title,WCD03-SRC-04,documented Chinese publication usage differs from current label,replace with published Chinese title,REPLACE,high,no,P0,formal_public,WEB-CE-B03,previous label should become an alias candidate when an alias schema exists: 《毁灭者亚巴顿》
V1-ENT-0196,place,Uruguay,乌拉圭,乌拉圭,provisional_title,CAND-B03-V1-ENT-0196-PLACE,working Chinese display label; no Chinese-edition claim,retain provisional label and original-name anchor,PROVISIONAL,medium,no,P0,formal_public,WEB-CE-B03,
V1-ENT-0197,place,Santa María,圣玛丽亚,圣玛丽亚,provisional_title,CAND-B03-V1-ENT-0197-FICTIONAL-PLACE,working Chinese display label; no Chinese-edition claim,retain provisional label and original-name anchor,PROVISIONAL,medium,no,P1,curation_review,WEB-CE-B03,
V1-ENT-0198,author,Adolfo Bioy Casares,阿道夫·比奥伊·卡萨雷斯,阿道夫·比奥伊·卡萨雷斯,provisional_title,CAND-B04-BIOY-AUTHOR,working Chinese display label; no Chinese-edition claim,retain provisional label and original-name anchor,PROVISIONAL,medium,no,P0,formal_public,WEB-CE-B04,
V1-ENT-0199,author,Augusto Roa Bastos,奥古斯托·罗亚·巴斯托斯,奥古斯托·罗亚·巴斯托斯,provisional_title,CAND-B04-ROA-AUTHOR,working Chinese display label; no Chinese-edition claim,retain provisional label and original-name anchor,PROVISIONAL,medium,no,P0,formal_public,WEB-CE-B04,
V1-ENT-0200,author,Horacio Quiroga,奥拉西奥·基罗加,奥拉西奥·基罗加,provisional_title,CAND-B04-QUIROGA-AUTHOR,working Chinese display label; no Chinese-edition claim,retain provisional label and original-name anchor,PROVISIONAL,medium,no,P0,formal_public,WEB-CE-B04,
V1-ENT-0201,work,La invención de Morel,《莫雷尔的发明》,《莫雷尔的发明》,provisional_title,CAND-B04-V1-ENT-0201-WORK,working Chinese display label; no Chinese-edition claim,retain provisional label and original-name anchor,PROVISIONAL,medium,no,P0,formal_public,WEB-CE-B04,
V1-ENT-0202,work,Plan de evasión,《逃亡计划》,《逃亡计划》,provisional_title,CAND-B04-V1-ENT-0202-WORK,working Chinese display label; no Chinese-edition claim,retain provisional label and original-name anchor,PROVISIONAL,medium,no,P0,formal_public,WEB-CE-B04,
V1-ENT-0203,work,El sueño de los héroes,《英雄的梦》,《英雄的梦》,provisional_title,CAND-B04-V1-ENT-0203-WORK,working Chinese display label; no Chinese-edition claim,retain provisional label and original-name anchor,PROVISIONAL,medium,no,P0,formal_public,WEB-CE-B04,
V1-ENT-0204,work,Hijo de hombre,《人子》,《人子》,provisional_title,CAND-B04-V1-ENT-0204-WORK,working Chinese display label; no Chinese-edition claim,retain provisional label and original-name anchor,PROVISIONAL,medium,no,P0,formal_public,WEB-CE-B04,
V1-ENT-0205,work,Yo el Supremo,《我，最高统帅》,《我，最高统帅》,provisional_title,CAND-B04-V1-ENT-0205-WORK,working Chinese display label; no Chinese-edition claim,retain provisional label and original-name anchor,PROVISIONAL,medium,no,P0,formal_public,WEB-CE-B04,
V1-ENT-0206,work,El fiscal,《检察官》,《检察官》,provisional_title,CAND-B04-V1-ENT-0206-WORK,working Chinese display label; no Chinese-edition claim,retain provisional label and original-name anchor,PROVISIONAL,medium,no,P0,formal_public,WEB-CE-B04,
V1-ENT-0207,collection,Cuentos de amor de locura y de muerte,《爱情、疯狂和死亡的故事》,《爱情、疯狂和死亡的故事》,provisional_title,CAND-B04-V1-ENT-0207-WORK,working Chinese display label; no Chinese-edition claim,retain provisional label and original-name anchor,PROVISIONAL,medium,no,P0,formal_public,WEB-CE-B04,
V1-ENT-0208,collection,Cuentos de la selva,《丛林故事》,《丛林故事》,provisional_title,CAND-B04-V1-ENT-0208-WORK,working Chinese display label; no Chinese-edition claim,retain provisional label and original-name anchor,PROVISIONAL,medium,no,P0,formal_public,WEB-CE-B04,
V1-ENT-0209,collection,Los desterrados,《流放者》,《流放者》,provisional_title,CAND-B04-V1-ENT-0209-WORK,working Chinese display label; no Chinese-edition claim,retain provisional label and original-name anchor,PROVISIONAL,medium,no,P0,formal_public,WEB-CE-B04,
V1-ENT-0210,place,Paraguay,巴拉圭,巴拉圭,provisional_title,CAND-B04-V1-ENT-0210-PLACE,working Chinese display label; no Chinese-edition claim,retain provisional label and original-name anchor,PROVISIONAL,medium,no,P0,formal_public,WEB-CE-B04,
V1-ENT-0211,author,Machado de Assis,马查多·德·阿西斯,马查多·德·阿西斯,provisional_title,CAND-B05-MACHADO-AUTHOR,working Chinese display label; no Chinese-edition claim,retain provisional label and original-name anchor,PROVISIONAL,medium,no,P0,formal_public,WEB-CE-B05,
V1-ENT-0212,author,João Guimarães Rosa,若昂·吉马朗埃斯·罗萨,若昂·吉马朗埃斯·罗萨,provisional_title,CAND-B05-GUIMARAES-AUTHOR,working Chinese display label; no Chinese-edition claim,retain provisional label and original-name anchor,PROVISIONAL,medium,no,P0,formal_public,WEB-CE-B05,
V1-ENT-0213,author,Graciliano Ramos,格拉西利亚诺·拉莫斯,格拉西利亚诺·拉莫斯,provisional_title,CAND-B05-GRACILIANO-AUTHOR,working Chinese display label; no Chinese-edition claim,retain provisional label and original-name anchor,PROVISIONAL,medium,no,P0,formal_public,WEB-CE-B05,
V1-ENT-0214,work,Memórias Póstumas de Brás Cubas,《布拉斯·库巴斯死后的回忆》,《布拉斯·库巴斯死后的回忆》,provisional_title,CAND-B05-V1-ENT-0214-WORK,working Chinese display label; no Chinese-edition claim,retain provisional label and original-name anchor,PROVISIONAL,medium,no,P0,formal_public,WEB-CE-B05,
V1-ENT-0215,work,Quincas Borba,《金卡斯·博尔巴》,《金卡斯·博尔巴》,provisional_title,CAND-B05-V1-ENT-0215-WORK,working Chinese display label; no Chinese-edition claim,retain provisional label and original-name anchor,PROVISIONAL,medium,no,P0,formal_public,WEB-CE-B05,
V1-ENT-0216,work,Dom Casmurro,《堂卡斯穆罗》,《堂卡斯穆罗》,provisional_title,CAND-B05-V1-ENT-0216-WORK,working Chinese display label; no Chinese-edition claim,retain provisional label and original-name anchor,PROVISIONAL,medium,no,P0,formal_public,WEB-CE-B05,
V1-ENT-0217,work,Grande Sertão: Veredas,《广阔腹地：条条小径》,《广阔腹地：条条小径》,provisional_title,CAND-B05-V1-ENT-0217-WORK,working Chinese display label; no Chinese-edition claim,retain provisional label and original-name anchor,PROVISIONAL,medium,no,P0,formal_public,WEB-CE-B05,
V1-ENT-0218,collection,Sagarana,《萨加拉纳》,《萨加拉纳》,provisional_title,CAND-B05-V1-ENT-0218-COLLECTION,working Chinese display label; no Chinese-edition claim,retain provisional label and original-name anchor,PROVISIONAL,medium,no,P0,formal_public,WEB-CE-B05,
V1-ENT-0219,collection,Primeiras Estórias,《第一故事》,《第一故事》,provisional_title,CAND-B05-V1-ENT-0219-COLLECTION,working Chinese display label; no Chinese-edition claim,retain provisional label and original-name anchor,PROVISIONAL,medium,no,P0,formal_public,WEB-CE-B05,
V1-ENT-0220,work,Vidas Secas,《枯竭的生命》,《枯竭的生命》,provisional_title,CAND-B05-V1-ENT-0220-WORK,working Chinese display label; no Chinese-edition claim,retain provisional label and original-name anchor,PROVISIONAL,medium,no,P0,formal_public,WEB-CE-B05,
V1-ENT-0221,work,São Bernardo,《圣贝尔纳多》,《圣贝尔纳多》,provisional_title,CAND-B05-V1-ENT-0221-WORK,working Chinese display label; no Chinese-edition claim,retain provisional label and original-name anchor,PROVISIONAL,medium,no,P0,formal_public,WEB-CE-B05,
V1-ENT-0222,work,Angústia,《苦闷》,《苦闷》,provisional_title,CAND-B05-V1-ENT-0222-WORK,working Chinese display label; no Chinese-edition claim,retain provisional label and original-name anchor,PROVISIONAL,medium,no,P0,formal_public,WEB-CE-B05,
V1-ENT-0223,author,César Vallejo,塞萨尔·巴列霍,塞萨尔·巴列霍,common_title,CAND-B06-VALLEJO-AUTHOR,none,retain,PASS,high,no,P1,curation_review,WEB-CE-B06,
V1-ENT-0224,author,Rubén Darío,鲁文·达里奥,鲁文·达里奥,common_title,CAND-B06-DARIO-AUTHOR,none,retain,PASS,high,no,P1,curation_review,WEB-CE-B06,
V1-ENT-0225,author,José Martí,何塞·马蒂,何塞·马蒂,common_title,CAND-B06-MARTI-AUTHOR,none,retain,PASS,high,no,P1,curation_review,WEB-CE-B06,
V1-ENT-0226,collection,Los heraldos negros,《黑色使者》,《黑色使者》,common_title,CAND-B06-VALLEJO-W01,none,retain,PASS,high,no,P1,curation_review,WEB-CE-B06,
V1-ENT-0227,collection,Trilce,《特里尔塞》,《特里尔塞》,common_title,CAND-B06-VALLEJO-W02,none,retain,PASS,high,no,P1,curation_review,WEB-CE-B06,
V1-ENT-0228,collection,Poemas humanos,《人类的诗篇》,《人类的诗篇》,common_title,CAND-B06-VALLEJO-W03,none,retain,PASS,high,no,P1,curation_review,WEB-CE-B06,
V1-ENT-0229,collection,Azul...,《蓝……》,《蓝……》,common_title,CAND-B06-DARIO-W01,none,retain,PASS,high,no,P1,curation_review,WEB-CE-B06,
V1-ENT-0230,collection,Prosas profanas,《世俗的颂歌》,《世俗的颂歌》,common_title,CAND-B06-DARIO-W02,none,retain,PASS,high,no,P1,curation_review,WEB-CE-B06,
V1-ENT-0231,collection,Cantos de vida y esperanza,《生命与希望之歌》,《生命与希望之歌》,common_title,CAND-B06-DARIO-W03,none,retain,PASS,high,no,P1,curation_review,WEB-CE-B06,
V1-ENT-0232,collection,Ismaelillo,《伊斯梅利约》,《伊斯梅利约》,common_title,CAND-B06-MARTI-W01,none,retain,PASS,high,no,P1,curation_review,WEB-CE-B06,
V1-ENT-0233,collection,Versos sencillos,《纯朴的诗》,《纯朴的诗》,common_title,CAND-B06-MARTI-W02,none,retain,PASS,high,no,P1,curation_review,WEB-CE-B06,
V1-ENT-0234,work,Nuestra América,《我们的美洲》,《我们的美洲》,common_title,CAND-B06-MARTI-W03,none,retain,PASS,high,no,P1,curation_review,WEB-CE-B06,
V1-ENT-0235,place,Nicaragua,尼加拉瓜,尼加拉瓜,canonical_country_name,CAND-B06-PLACE-NI,none,retain,PASS,high,no,P0,formal_public,WEB-CE-B06,
V1-ENT-0236,author,Nicanor Parra,尼卡诺尔·帕拉,尼卡诺尔·帕拉,common_title,CAND-B07-PARRA-AUTHOR,none,retain,PASS,high,no,P1,curation_review,WEB-CE-B07,
V1-ENT-0237,author,Alejandra Pizarnik,阿莱杭德拉·皮扎尼克,阿莱杭德拉·皮扎尼克,common_title,CAND-B07-PIZARNIK-AUTHOR,none,retain,PASS,high,no,P1,curation_review,WEB-CE-B07,
V1-ENT-0238,author,Mario Benedetti,马里奥·贝内德蒂,马里奥·贝内德蒂,common_title,CAND-B07-BENEDETTI-AUTHOR,none,retain,PASS,high,no,P1,curation_review,WEB-CE-B07,
V1-ENT-0239,collection,Poemas y antipoemas,《诗歌与反诗歌》,《诗歌与反诗歌》,common_title,CAND-B07-PARRA-W01,none,retain,PASS,high,no,P1,curation_review,WEB-CE-B07,
V1-ENT-0240,collection,Versos de salón,《沙龙篇》,《沙龙篇》,common_title,CAND-B07-PARRA-W02,none,retain,PASS,high,no,P1,curation_review,WEB-CE-B07,
V1-ENT-0241,collection,Discursos de sobremesa,《饭后演讲》,《饭后演讲》,common_title,CAND-B07-PARRA-W03,none,retain,PASS,high,no,P1,curation_review,WEB-CE-B07,
V1-ENT-0242,collection,Árbol de Diana,《狄安娜之树》,《狄安娜之树》,common_title,CAND-B07-PIZARNIK-W01,none,retain,PASS,high,no,P1,curation_review,WEB-CE-B07,
V1-ENT-0243,collection,Los trabajos y las noches,《作品与夜晚》,《作品与夜晚》,common_title,CAND-B07-PIZARNIK-W02,none,retain,PASS,high,no,P1,curation_review,WEB-CE-B07,
V1-ENT-0244,collection,Extracción de la piedra de locura,《取出疯石》,《取出疯石》,common_title,CAND-B07-PIZARNIK-W03,none,retain,PASS,high,no,P1,curation_review,WEB-CE-B07,
V1-ENT-0245,work,La tregua,《休战》,《休战》,common_title,CAND-B07-BENEDETTI-W01,none,retain,PASS,high,no,P1,curation_review,WEB-CE-B07,
V1-ENT-0246,work,Gracias por el fuego,《谢谢你的火》,《谢谢你的火》,common_title,CAND-B07-BENEDETTI-W02,none,retain,PASS,high,no,P1,curation_review,WEB-CE-B07,
V1-ENT-0247,collection,Montevideanos,《蒙得维的亚人》,《蒙得维的亚人》,common_title,CAND-B07-BENEDETTI-W03,none,retain,PASS,high,no,P1,curation_review,WEB-CE-B07,
V1-ENT-0248,author,José María Arguedas,何塞·玛丽亚·阿格达斯,何塞·玛丽亚·阿格达斯,common_title,CAND-B08-ARGUEDAS-AUTHOR,none,retain,PASS,high,no,P1,curation_review,WEB-CE-B08,
V1-ENT-0249,author,Sergio Pitol,塞尔希奥·皮托尔,塞尔希奥·皮托尔,common_title,CAND-B08-PITOL-AUTHOR,none,retain,PASS,high,no,P1,curation_review,WEB-CE-B08,
V1-ENT-0250,author,Juan José Arreola,胡安·何塞·阿雷奥拉,胡安·何塞·阿雷奥拉,common_title,CAND-B08-ARREOLA-AUTHOR,none,retain,PASS,high,no,P1,curation_review,WEB-CE-B08,
V1-ENT-0251,work,Yawar fiesta,《血的节日》,《血的节日》,common_title,CAND-B08-ARGUEDAS-W01,none,retain,PASS,high,no,P1,curation_review,WEB-CE-B08,
V1-ENT-0252,work,Los ríos profundos,《深沉的河流》,《深沉的河流》,common_title,CAND-B08-ARGUEDAS-W02,none,retain,PASS,high,no,P1,curation_review,WEB-CE-B08,
V1-ENT-0253,work,Todas las sangres,《所有的血》,《所有的血》,common_title,CAND-B08-ARGUEDAS-W03,none,retain,PASS,high,no,P1,curation_review,WEB-CE-B08,
V1-ENT-0254,work,El desfile del amor,《爱情游行》,《爱情游行》,common_title,CAND-B08-PITOL-W01,none,retain,PASS,high,no,P1,curation_review,WEB-CE-B08,
V1-ENT-0255,work,Domar a la divina garza,《驯服神圣苍鹭》,《驯服神圣苍鹭》,common_title,CAND-B08-PITOL-W02,none,retain,PASS,high,no,P1,curation_review,WEB-CE-B08,
V1-ENT-0256,work,La vida conyugal,《婚姻生活》,《婚姻生活》,common_title,CAND-B08-PITOL-W03,none,retain,PASS,high,no,P1,curation_review,WEB-CE-B08,
V1-ENT-0257,collection,Confabulario,《孔法布拉里奥》,《孔法布拉里奥》,common_title,CAND-B08-ARREOLA-W01,none,retain,PASS,high,no,P1,curation_review,WEB-CE-B08,
V1-ENT-0258,collection,Bestiario,《动物集》,《动物集》,common_title,CAND-B08-ARREOLA-W02,none,retain,PASS,high,no,P1,curation_review,WEB-CE-B08,
V1-ENT-0259,work,La feria,《集市》,《集市》,common_title,CAND-B08-ARREOLA-W03,none,retain,PASS,high,no,P1,curation_review,WEB-CE-B08,
V1-ENT-0260,author,Elena Poniatowska,埃莱娜·波尼亚托夫斯卡,埃莱娜·波尼亚托夫斯卡,common_title,CAND-B09-PONIATOWSKA-AUTHOR,none,retain,PASS,high,no,P1,curation_review,WEB-CE-B09,
V1-ENT-0261,author,José Emilio Pacheco,何塞·埃米利奥·帕切科,何塞·埃米利奥·帕切科,common_title,CAND-B09-PACHECO-AUTHOR,none,retain,PASS,high,no,P1,curation_review,WEB-CE-B09,
V1-ENT-0262,author,Roberto Bolaño,罗贝托·波拉尼奥,罗贝托·波拉尼奥,common_title,CAND-B09-BOLANO-AUTHOR,none,retain,PASS,high,no,P1,curation_review,WEB-CE-B09,
V1-ENT-0263,work,La noche de Tlatelolco,《特拉特洛尔科之夜》,《特拉特洛尔科之夜》,common_title,CAND-B09-PONIATOWSKA-W01,none,retain,PASS,high,no,P1,curation_review,WEB-CE-B09,
V1-ENT-0264,work,Hasta no verte Jesús mío,《直到见到你，我的赫苏斯》,《直到见到你，我的赫苏斯》,common_title,CAND-B09-PONIATOWSKA-W02,none,retain,PASS,high,no,P1,curation_review,WEB-CE-B09,
V1-ENT-0265,work,Tinísima,《蒂娜》,《蒂娜》,common_title,CAND-B09-PONIATOWSKA-W03,none,retain,PASS,high,no,P1,curation_review,WEB-CE-B09,
V1-ENT-0266,work,Las batallas en el desierto,《沙漠中的战斗》,《沙漠中的战斗》,common_title,CAND-B09-PACHECO-W01,none,retain,PASS,high,no,P1,curation_review,WEB-CE-B09,
V1-ENT-0267,collection,El principio del placer,《快乐原则》,《快乐原则》,common_title,CAND-B09-PACHECO-W02,none,retain,PASS,high,no,P1,curation_review,WEB-CE-B09,
V1-ENT-0268,collection,No me preguntes cómo pasa el tiempo,《不要问我时间如何流逝》,《不要问我时间如何流逝》,common_title,CAND-B09-PACHECO-W03,none,retain,PASS,high,no,P1,curation_review,WEB-CE-B09,
V1-ENT-0269,work,Los detectives salvajes,《荒野侦探》,《荒野侦探》,common_title,CAND-B09-BOLANO-W01,none,retain,PASS,high,no,P1,curation_review,WEB-CE-B09,
V1-ENT-0270,work,2666,《2666》,《2666》,common_title,CAND-B09-BOLANO-W02,none,retain,PASS,high,no,P1,curation_review,WEB-CE-B09,
V1-ENT-0271,work,Estrella distante,《遥远的星辰》,《遥远的星辰》,common_title,CAND-B09-BOLANO-W03,none,retain,PASS,high,no,P1,curation_review,WEB-CE-B09,
V1-ENT-0272,author,Eduardo Galeano,爱德华多·加莱亚诺,爱德华多·加莱亚诺,common_title,CAND-B10-GALEANO-AUTHOR,none,retain,PASS,high,no,P1,curation_review,WEB-CE-B10,
V1-ENT-0273,author,Ricardo Piglia,里卡多·皮格利亚,里卡多·皮格利亚,common_title,CAND-B10-PIGLIA-AUTHOR,none,retain,PASS,high,no,P1,curation_review,WEB-CE-B10,
V1-ENT-0274,author,César Aira,塞萨尔·艾拉,塞萨尔·艾拉,common_title,CAND-B10-AIRA-AUTHOR,none,retain,PASS,high,no,P1,curation_review,WEB-CE-B10,
V1-ENT-0275,work,Las venas abiertas de América Latina,《拉丁美洲被切开的血管》,《拉丁美洲被切开的血管》,common_title,CAND-B10-GALEANO-W01,none,retain,PASS,high,no,P1,curation_review,WEB-CE-B10,
V1-ENT-0276,collection,Memoria del fuego I. Los nacimientos,《火的记忆Ⅰ：创世纪》,《火的记忆Ⅰ：创世纪》,common_title,CAND-B10-GALEANO-W02,none,retain,PASS,high,no,P1,curation_review,WEB-CE-B10,
V1-ENT-0277,collection,El libro de los abrazos,《拥抱之书》,《拥抱之书》,common_title,CAND-B10-GALEANO-W03,none,retain,PASS,high,no,P1,curation_review,WEB-CE-B10,
V1-ENT-0278,work,Respiración artificial,《人工呼吸》,《人工呼吸》,common_title,CAND-B10-PIGLIA-W01,none,retain,PASS,high,no,P1,curation_review,WEB-CE-B10,
V1-ENT-0279,work,Plata quemada,《燃烧的钱》,《燃烧的钱》,common_title,CAND-B10-PIGLIA-W02,none,retain,PASS,high,no,P1,curation_review,WEB-CE-B10,
V1-ENT-0280,work,Blanco nocturno,《夜间目标》,《夜间目标》,common_title,CAND-B10-PIGLIA-W03,none,retain,PASS,high,no,P1,curation_review,WEB-CE-B10,
V1-ENT-0281,work,Ema la cautiva,《女俘爱玛》,《女俘爱玛》,common_title,CAND-B10-AIRA-W01,none,retain,PASS,high,no,P1,curation_review,WEB-CE-B10,
V1-ENT-0282,work,Una novela china,《中国小说》,《中国小说》,common_title,CAND-B10-AIRA-W02,none,retain,PASS,high,no,P1,curation_review,WEB-CE-B10,
V1-ENT-0283,work,El congreso de literatura,《文学大会》,《文学大会》,common_title,CAND-B10-AIRA-W03,none,retain,PASS,high,no,P1,curation_review,WEB-CE-B10,
V1-ENT-0284,author,Manuel Puig,曼努埃尔·普伊格,曼努埃尔·普伊格,provisional_title,CAND-B11-PUIG-AUTHOR,working Chinese display label; no Chinese-edition claim,retain provisional label and original-name anchor,PROVISIONAL,medium,no,P1,curation_review,WEB-CE-B11,
V1-ENT-0285,author,Silvina Ocampo,西尔维娜·奥坎波,西尔维娜·奥坎波,provisional_title,CAND-B11-OCAMPO-AUTHOR,working Chinese display label; no Chinese-edition claim,retain provisional label and original-name anchor,PROVISIONAL,medium,no,P1,curation_review,WEB-CE-B11,
V1-ENT-0286,author,Roberto Arlt,罗贝托·阿尔特,罗贝托·阿尔特,provisional_title,CAND-B11-ARLT-AUTHOR,translation/spelling variant,retain current label; record governance disposition,HOLD,low,yes,P1,curation_review,WEB-CE-B11,available variants are not supported consistently enough for replacement; retain current name pending user decision
V1-ENT-0287,work,El beso de la mujer araña,《蜘蛛女之吻》,《蜘蛛女之吻》,provisional_title,CAND-B11-PUIG-W01,working Chinese display label; no Chinese-edition claim,retain provisional label and original-name anchor,PROVISIONAL,medium,no,P1,curation_review,WEB-CE-B11,
V1-ENT-0288,work,La traición de Rita Hayworth,《丽塔·海华丝的背叛》,《丽塔·海华丝的背叛》,provisional_title,CAND-B11-PUIG-W02,working Chinese display label; no Chinese-edition claim,retain provisional label and original-name anchor,PROVISIONAL,medium,no,P1,curation_review,WEB-CE-B11,
V1-ENT-0289,work,Boquitas pintadas,《红唇》,《红唇》,provisional_title,CAND-B11-PUIG-W03,working Chinese display label; no Chinese-edition claim,retain provisional label and original-name anchor,PROVISIONAL,medium,no,P1,curation_review,WEB-CE-B11,
V1-ENT-0290,collection,Viaje olvidado,《被遗忘的旅程》,《被遗忘的旅程》,provisional_title,CAND-B11-OCAMPO-W01,working Chinese display label; no Chinese-edition claim,retain provisional label and original-name anchor,PROVISIONAL,medium,no,P1,curation_review,WEB-CE-B11,
V1-ENT-0291,collection,La furia,《愤怒》,《愤怒》,provisional_title,CAND-B11-OCAMPO-W02,working Chinese display label; no Chinese-edition claim,retain provisional label and original-name anchor,PROVISIONAL,medium,no,P1,curation_review,WEB-CE-B11,
V1-ENT-0292,collection,Las invitadas,《邀请》,《邀请》,provisional_title,CAND-B11-OCAMPO-W03,working Chinese display label; no Chinese-edition claim,retain provisional label and original-name anchor,PROVISIONAL,medium,no,P1,curation_review,WEB-CE-B11,
V1-ENT-0293,work,Los siete locos,《七个疯子》,《七个疯子》,provisional_title,CAND-B11-ARLT-W01,working Chinese display label; no Chinese-edition claim,retain provisional label and original-name anchor,PROVISIONAL,medium,no,P1,curation_review,WEB-CE-B11,
V1-ENT-0294,work,Los lanzallamas,《火焰喷射器》,《火焰喷射器》,provisional_title,CAND-B11-ARLT-W02,working Chinese display label; no Chinese-edition claim,retain provisional label and original-name anchor,PROVISIONAL,medium,no,P1,curation_review,WEB-CE-B11,
V1-ENT-0295,work,El juguete rabioso,《疯玩具》,《疯玩具》,provisional_title,CAND-B11-ARLT-W03,working Chinese display label; no Chinese-edition claim,retain provisional label and original-name anchor,PROVISIONAL,medium,no,P1,curation_review,WEB-CE-B11,
V1-ENT-0296,author,Samanta Schweblin,萨曼塔·施维伯林,萨曼塔·施维伯林,published_name,WCD03-SRC-05;WCD03-SRC-06,documented Chinese publication usage differs from current label,replace with published Chinese author spelling,REPLACE,high,no,P1,curation_review,WEB-CE-B12,previous label should become an alias candidate when an alias schema exists: 萨曼塔·施维伯林
V1-ENT-0297,author,Mariana Enriquez,玛丽安娜·恩里克斯,玛丽安娜·恩里克斯,provisional_title,CAND-B12-ENRIQUEZ-AUTHOR,working Chinese display label; no Chinese-edition claim,retain provisional label and original-name anchor,PROVISIONAL,medium,no,P1,curation_review,WEB-CE-B12,
V1-ENT-0298,author,Alejandro Zambra,亚历杭德罗·桑布拉,亚历杭德罗·桑布拉,provisional_title,CAND-B12-ZAMBRA-AUTHOR,working Chinese display label; no Chinese-edition claim,retain provisional label and original-name anchor,PROVISIONAL,medium,no,P1,curation_review,WEB-CE-B12,
V1-ENT-0299,work,Distancia de rescate,《营救距离》,《营救距离》,published_title,WCD03-SRC-05,documented Chinese publication usage differs from current label,replace with published Chinese title,REPLACE,high,no,P1,curation_review,WEB-CE-B12,previous label should become an alias candidate when an alias schema exists: 《营救距离》
V1-ENT-0300,collection,Pájaros en la boca,《吃鸟的女孩》,《吃鸟的女孩》,published_title,WCD03-SRC-06,documented Chinese publication usage differs from current label,replace with published Chinese title,REPLACE,high,no,P1,curation_review,WEB-CE-B12,previous label should become an alias candidate when an alias schema exists: 《吃鸟的女孩》
V1-ENT-0301,collection,Siete casas vacías,《七座空屋》,《七座空屋》,provisional_title,CAND-B12-SCHWEBLIN-W03,working Chinese display label; no Chinese-edition claim,retain provisional label and original-name anchor,PROVISIONAL,medium,no,P1,curation_review,WEB-CE-B12,
V1-ENT-0302,collection,Las cosas que perdimos en el fuego,《火中遗物》,《火中遗物》,published_title,WCD03-SRC-07,documented Chinese publication usage differs from current label,replace with published Chinese title,REPLACE,high,no,P1,curation_review,WEB-CE-B12,previous label should become an alias candidate when an alias schema exists: 《火中遗物》
V1-ENT-0303,work,Nuestra parte de noche,《属于我们的夜晚》,《属于我们的夜晚》,published_title,WCD03-SRC-08,documented Chinese publication usage differs from current label,replace with published Chinese title,REPLACE,high,no,P1,curation_review,WEB-CE-B12,previous label should become an alias candidate when an alias schema exists: 《属于我们的夜晚》
V1-ENT-0304,collection,Los peligros de fumar en la cama,《床上抽烟危险》,《床上抽烟危险》,published_title,WCD03-SRC-09,documented Chinese publication usage differs from current label,replace with published Chinese title,REPLACE,high,no,P1,curation_review,WEB-CE-B12,previous label should become an alias candidate when an alias schema exists: 《床上抽烟危险》
V1-ENT-0305,work,Bonsái,《盆栽》,《盆栽》,provisional_title,CAND-B12-ZAMBRA-W01,working Chinese display label; no Chinese-edition claim,retain provisional label and original-name anchor,PROVISIONAL,medium,no,P1,curation_review,WEB-CE-B12,
V1-ENT-0306,work,La vida privada de los árboles,《树的隐秘生活》,《树的隐秘生活》,published_title,WCD03-SRC-10,documented Chinese publication usage differs from current label,replace with published Chinese title,REPLACE,high,no,P1,curation_review,WEB-CE-B12,previous label should become an alias candidate when an alias schema exists: 《树的隐秘生活》
V1-ENT-0307,work,Formas de volver a casa,《回家的路》,《回家的路》,published_title,WCD03-SRC-10,documented Chinese publication usage differs from current label,replace with published Chinese title,REPLACE,high,no,P1,curation_review,WEB-CE-B12,previous label should become an alias candidate when an alias schema exists: 《回家的路》
V1-ENT-0308,author,Paulo Coelho,保罗·柯艾略,保罗·柯艾略,provisional_title,CAND-B13-COELHO-AUTHOR,working Chinese display label; no Chinese-edition claim,retain provisional label and original-name anchor,PROVISIONAL,medium,no,P1,curation_review,WEB-CE-B13,
V1-ENT-0309,author,Carlos Drummond de Andrade,卡洛斯·德鲁蒙德·德·安德拉德,卡洛斯·德鲁蒙德·德·安德拉德,provisional_title,CAND-B13-DRUMMOND-AUTHOR,working Chinese display label; no Chinese-edition claim,retain provisional label and original-name anchor,PROVISIONAL,medium,no,P1,curation_review,WEB-CE-B13,
V1-ENT-0310,author,Nicolás Guillén,尼古拉斯·纪廉,尼古拉斯·纪廉,provisional_title,CAND-B13-GUILLEN-AUTHOR,working Chinese display label; no Chinese-edition claim,retain provisional label and original-name anchor,PROVISIONAL,medium,no,P1,curation_review,WEB-CE-B13,
V1-ENT-0311,work,O Alquimista,《牧羊少年奇幻之旅》,《牧羊少年奇幻之旅》,provisional_title,CAND-B13-COELHO-W01,working Chinese display label; no Chinese-edition claim,retain provisional label and original-name anchor,PROVISIONAL,medium,no,P1,curation_review,WEB-CE-B13,
V1-ENT-0312,work,Veronika Decide Morrer,《维罗妮卡决定去死》,《维罗妮卡决定去死》,provisional_title,CAND-B13-COELHO-W02,working Chinese display label; no Chinese-edition claim,retain provisional label and original-name anchor,PROVISIONAL,medium,no,P1,curation_review,WEB-CE-B13,
V1-ENT-0313,work,Onze Minutos,《十一分钟》,《十一分钟》,provisional_title,CAND-B13-COELHO-W03,working Chinese display label; no Chinese-edition claim,retain provisional label and original-name anchor,PROVISIONAL,medium,no,P1,curation_review,WEB-CE-B13,
V1-ENT-0314,collection,Alguma poesia,《某种诗》,《某种诗》,provisional_title,CAND-B13-DRUMMOND-W01,working Chinese display label; no Chinese-edition claim,retain provisional label and original-name anchor,PROVISIONAL,medium,no,P1,curation_review,WEB-CE-B13,
V1-ENT-0315,collection,A rosa do povo,《人民的玫瑰》,《人民的玫瑰》,provisional_title,CAND-B13-DRUMMOND-W02,working Chinese display label; no Chinese-edition claim,retain provisional label and original-name anchor,PROVISIONAL,medium,no,P1,curation_review,WEB-CE-B13,
V1-ENT-0316,collection,Claro enigma,《明晰之谜》,《明晰之谜》,provisional_title,CAND-B13-DRUMMOND-W03,working Chinese display label; no Chinese-edition claim,retain provisional label and original-name anchor,PROVISIONAL,medium,no,P1,curation_review,WEB-CE-B13,
V1-ENT-0317,collection,Motivos de son,《松调》,《松调》,provisional_title,CAND-B13-GUILLEN-W01,working Chinese display label; no Chinese-edition claim,retain provisional label and original-name anchor,PROVISIONAL,medium,no,P1,curation_review,WEB-CE-B13,
V1-ENT-0318,collection,Sóngoro cosongo,《桑戈罗·科松戈》,《桑戈罗·科松戈》,provisional_title,CAND-B13-GUILLEN-W02,working Chinese display label; no Chinese-edition claim,retain provisional label and original-name anchor,PROVISIONAL,medium,no,P1,curation_review,WEB-CE-B13,
V1-ENT-0319,collection,"West Indies, Ltd.",《西印度公司》,《西印度公司》,provisional_title,CAND-B13-GUILLEN-W03,working Chinese display label; no Chinese-edition claim,retain provisional label and original-name anchor,PROVISIONAL,medium,no,P1,curation_review,WEB-CE-B13,
V1-ENT-0320,author,José Lezama Lima,何塞·莱萨马·利马,何塞·莱萨马·利马,provisional_title,CAND-B14-LEZAMA-AUTHOR,working Chinese display label; no Chinese-edition claim,retain provisional label and original-name anchor,PROVISIONAL,medium,no,P1,curation_review,WEB-CE-B14,
V1-ENT-0321,author,Guillermo Cabrera Infante,吉列尔莫·卡夫雷拉·因凡特,吉列尔莫·卡夫雷拉·因凡特,provisional_title,CAND-B14-CABRERA-AUTHOR,working Chinese display label; no Chinese-edition claim,retain provisional label and original-name anchor,PROVISIONAL,medium,no,P1,curation_review,WEB-CE-B14,
V1-ENT-0322,author,Sor Juana Inés de la Cruz,索尔·胡安娜·伊内斯·德·拉·克鲁斯,索尔·胡安娜·伊内斯·德·拉·克鲁斯,provisional_title,CAND-B14-SORJUANA-AUTHOR,working Chinese display label; no Chinese-edition claim,retain provisional label and original-name anchor,PROVISIONAL,medium,no,P1,curation_review,WEB-CE-B14,
V1-ENT-0323,work,Paradiso,《天堂》,《天堂》,provisional_title,CAND-B14-LEZAMA-W01,working Chinese display label; no Chinese-edition claim,retain provisional label and original-name anchor,PROVISIONAL,medium,no,P1,curation_review,WEB-CE-B14,
V1-ENT-0324,work,Oppiano Licario,《奥皮亚诺·利卡里奥》,《奥皮亚诺·利卡里奥》,provisional_title,CAND-B14-LEZAMA-W02,working Chinese display label; no Chinese-edition claim,retain provisional label and original-name anchor,PROVISIONAL,medium,no,P1,curation_review,WEB-CE-B14,
V1-ENT-0325,work,La expresión americana,《美洲的表达》,《美洲的表达》,provisional_title,CAND-B14-LEZAMA-W03,working Chinese display label; no Chinese-edition claim,retain provisional label and original-name anchor,PROVISIONAL,medium,no,P1,curation_review,WEB-CE-B14,
V1-ENT-0326,work,Tres tristes tigres,《三只忧伤的老虎》,《三只忧伤的老虎》,provisional_title,CAND-B14-CABRERA-W01,working Chinese display label; no Chinese-edition claim,retain provisional label and original-name anchor,PROVISIONAL,medium,no,P1,curation_review,WEB-CE-B14,
V1-ENT-0327,work,Vista del amanecer en el trópico,《热带黎明景观》,《热带黎明景观》,provisional_title,CAND-B14-CABRERA-W02,working Chinese display label; no Chinese-edition claim,retain provisional label and original-name anchor,PROVISIONAL,medium,no,P1,curation_review,WEB-CE-B14,
V1-ENT-0328,work,La Habana para un infante difunto,《哈瓦那，一个早夭婴儿的回忆》,《哈瓦那，一个早夭婴儿的回忆》,provisional_title,CAND-B14-CABRERA-W03,working Chinese display label; no Chinese-edition claim,retain provisional label and original-name anchor,PROVISIONAL,medium,no,P1,curation_review,WEB-CE-B14,
V1-ENT-0329,work,Primero sueño,《第一梦》,《第一梦》,provisional_title,CAND-B14-SORJUANA-W01,working Chinese display label; no Chinese-edition claim,retain provisional label and original-name anchor,PROVISIONAL,medium,no,P1,curation_review,WEB-CE-B14,
V1-ENT-0330,work,Respuesta a Sor Filotea de la Cruz,《答索尔·菲洛特娅》,《答索尔·菲洛特娅》,provisional_title,CAND-B14-SORJUANA-W02,working Chinese display label; no Chinese-edition claim,retain provisional label and original-name anchor,PROVISIONAL,medium,no,P1,curation_review,WEB-CE-B14,
V1-ENT-0331,work,Amor es más laberinto,《爱情是更大的迷宫》,《爱情是更大的迷宫》,provisional_title,CAND-B14-SORJUANA-W03,working Chinese display label; no Chinese-edition claim,retain provisional label and original-name anchor,PROVISIONAL,medium,no,P1,curation_review,WEB-CE-B14,
V1-ENT-0332,author,Julio Ramón Ribeyro,胡利奥·拉蒙·里贝罗,胡利奥·拉蒙·里贝罗,provisional_title,CAND-B15-RIBEYRO-AUTHOR,working Chinese display label; no Chinese-edition claim,retain provisional label and original-name anchor,PROVISIONAL,medium,no,P1,curation_review,WEB-CE-B15,
V1-ENT-0333,author,Juan José Saer,胡安·何塞·萨埃尔,胡安·何塞·萨埃尔,provisional_title,CAND-B15-SAER-AUTHOR,working Chinese display label; no Chinese-edition claim,retain provisional label and original-name anchor,PROVISIONAL,medium,no,P1,curation_review,WEB-CE-B15,
V1-ENT-0334,author,Reinaldo Arenas,雷纳尔多·阿雷纳斯,雷纳尔多·阿雷纳斯,provisional_title,CAND-B15-ARENAS-AUTHOR,working Chinese display label; no Chinese-edition claim,retain provisional label and original-name anchor,PROVISIONAL,medium,no,P1,curation_review,WEB-CE-B15,
V1-ENT-0335,collection,Los gallinazos sin plumas,《没有羽毛的秃鹫》,《没有羽毛的秃鹫》,provisional_title,CAND-B15-RIBEYRO-W01,working Chinese display label; no Chinese-edition claim,retain provisional label and original-name anchor,PROVISIONAL,medium,no,P1,curation_review,WEB-CE-B15,
V1-ENT-0336,collection,Silvio en El Rosedal,《西尔维奥在玫瑰园》,《西尔维奥在玫瑰园》,provisional_title,CAND-B15-RIBEYRO-W02,working Chinese display label; no Chinese-edition claim,retain provisional label and original-name anchor,PROVISIONAL,medium,no,P1,curation_review,WEB-CE-B15,
V1-ENT-0337,collection,La palabra del mudo,《无言之词》,《无言之词》,provisional_title,CAND-B15-RIBEYRO-W03,working Chinese display label; no Chinese-edition claim,retain provisional label and original-name anchor,PROVISIONAL,medium,no,P1,curation_review,WEB-CE-B15,
V1-ENT-0338,work,El limonero real,《皇家柠檬树》,《皇家柠檬树》,provisional_title,CAND-B15-SAER-W01,working Chinese display label; no Chinese-edition claim,retain provisional label and original-name anchor,PROVISIONAL,medium,no,P1,curation_review,WEB-CE-B15,
V1-ENT-0339,work,El entenado,《继子》,《继子》,provisional_title,CAND-B15-SAER-W02,working Chinese display label; no Chinese-edition claim,retain provisional label and original-name anchor,PROVISIONAL,medium,no,P1,curation_review,WEB-CE-B15,
V1-ENT-0340,work,Glosa,《格洛萨》,《格洛萨》,provisional_title,CAND-B15-SAER-W03,working Chinese display label; no Chinese-edition claim,retain provisional label and original-name anchor,PROVISIONAL,medium,no,P1,curation_review,WEB-CE-B15,
V1-ENT-0341,work,Celestino antes del alba,《黎明前的塞莱斯蒂诺》,《黎明前的塞莱斯蒂诺》,provisional_title,CAND-B15-ARENAS-W01,working Chinese display label; no Chinese-edition claim,retain provisional label and original-name anchor,PROVISIONAL,medium,no,P1,curation_review,WEB-CE-B15,
V1-ENT-0342,work,El mundo alucinante,《幻梦世界》,《幻梦世界》,provisional_title,CAND-B15-ARENAS-W02,working Chinese display label; no Chinese-edition claim,retain provisional label and original-name anchor,PROVISIONAL,medium,no,P1,curation_review,WEB-CE-B15,
V1-ENT-0343,work,Antes que anochezca,《夜幕降临前》,《夜幕降临前》,provisional_title,CAND-B15-ARENAS-W03,working Chinese display label; no Chinese-edition claim,retain provisional label and original-name anchor,PROVISIONAL,medium,no,P1,curation_review,WEB-CE-B15,
V1-ENT-0344,author,Luis Sepúlveda,路易斯·塞普尔维达,路易斯·塞普尔维达,provisional_title,CAND-B16-SEPULVEDA-AUTHOR,working Chinese display label; no Chinese-edition claim,retain provisional label and original-name anchor,PROVISIONAL,medium,no,P1,curation_review,WEB-CE-B16,
V1-ENT-0345,author,Guadalupe Nettel,瓜达卢佩·内特尔,瓜达卢佩·内特尔,provisional_title,CAND-B16-NETTEL-AUTHOR,working Chinese display label; no Chinese-edition claim,retain provisional label and original-name anchor,PROVISIONAL,medium,no,P1,curation_review,WEB-CE-B16,
V1-ENT-0346,author,Cristina Peri Rossi,克里斯蒂娜·佩里·罗西,克里斯蒂娜·佩里·罗西,provisional_title,CAND-B16-PERI-ROSSI-AUTHOR,working Chinese display label; no Chinese-edition claim,retain provisional label and original-name anchor,PROVISIONAL,medium,no,P1,curation_review,WEB-CE-B16,
V1-ENT-0347,work,Un viejo que leía novelas de amor,《读爱情故事的老人》,《读爱情故事的老人》,provisional_title,CAND-B16-SEPULVEDA-W01,working Chinese display label; no Chinese-edition claim,retain provisional label and original-name anchor,PROVISIONAL,medium,no,P1,curation_review,WEB-CE-B16,
V1-ENT-0348,work,Historia de una gaviota y del gato que le enseñó a volar,《教海鸥飞翔的猫》,《教海鸥飞翔的猫》,provisional_title,CAND-B16-SEPULVEDA-W02,working Chinese display label; no Chinese-edition claim,retain provisional label and original-name anchor,PROVISIONAL,medium,no,P1,curation_review,WEB-CE-B16,
V1-ENT-0349,work,Mundo del fin del mundo,《世界尽头的世界》,《世界尽头的世界》,provisional_title,CAND-B16-SEPULVEDA-W03,working Chinese display label; no Chinese-edition claim,retain provisional label and original-name anchor,PROVISIONAL,medium,no,P1,curation_review,WEB-CE-B16,
V1-ENT-0350,work,La hija única,《独生女儿》,《独生女儿》,provisional_title,CAND-B16-NETTEL-W01,working Chinese display label; no Chinese-edition claim,retain provisional label and original-name anchor,PROVISIONAL,medium,no,P1,curation_review,WEB-CE-B16,
V1-ENT-0351,collection,El matrimonio de los peces rojos,《红鱼之姻》,《红鱼之姻》,provisional_title,CAND-B16-NETTEL-W02,working Chinese display label; no Chinese-edition claim,retain provisional label and original-name anchor,PROVISIONAL,medium,no,P1,curation_review,WEB-CE-B16,
V1-ENT-0352,collection,Pétalos y otras historias incómodas,《真正的孤独》,《真正的孤独》,provisional_title,CAND-B16-NETTEL-W03,working Chinese display label; no Chinese-edition claim,retain provisional label and original-name anchor,PROVISIONAL,medium,no,P1,curation_review,WEB-CE-B16,
V1-ENT-0353,collection,Los amores equivocados,《错爱》,《错爱》,provisional_title,CAND-B16-PERI-ROSSI-W01,working Chinese display label; no Chinese-edition claim,retain provisional label and original-name anchor,PROVISIONAL,medium,no,P1,curation_review,WEB-CE-B16,
V1-ENT-0354,collection,La tarde del dinosaurio,《恐龙的下午》,《恐龙的下午》,provisional_title,CAND-B16-PERI-ROSSI-W02,working Chinese display label; no Chinese-edition claim,retain provisional label and original-name anchor,PROVISIONAL,medium,no,P1,curation_review,WEB-CE-B16,
V1-ENT-0355,collection,Descripción de un naufragio,《沉船记》,《沉船记》,provisional_title,CAND-B16-PERI-ROSSI-W03,working Chinese display label; no Chinese-edition claim,retain provisional label and original-name anchor,PROVISIONAL,medium,no,P1,curation_review,WEB-CE-B16,
V1-ENT-0356,place,Ecuador,厄瓜多尔,厄瓜多尔,provisional_title,CAND-B17-ECUADOR-PLACE,working Chinese display label; no Chinese-edition claim,retain provisional label and original-name anchor,PROVISIONAL,medium,no,P0,formal_public,WEB-CE-B17,
V1-ENT-0357,place,Venezuela,委内瑞拉,委内瑞拉,provisional_title,CAND-B17-VENEZUELA-PLACE,working Chinese display label; no Chinese-edition claim,retain provisional label and original-name anchor,PROVISIONAL,medium,no,P0,formal_public,WEB-CE-B17,
V1-ENT-0358,author,Lygia Fagundes Telles,莉吉娅·法贡德斯·特莱斯,莉吉娅·法贡德斯·特莱斯,provisional_title,CAND-B17-LYGIA-AUTHOR,working Chinese display label; no Chinese-edition claim,retain provisional label and original-name anchor,PROVISIONAL,medium,no,P1,curation_review,WEB-CE-B17,
V1-ENT-0359,author,Jorge Icaza,豪尔赫·伊卡萨,豪尔赫·伊卡萨,provisional_title,CAND-B17-ICAZA-AUTHOR,working Chinese display label; no Chinese-edition claim,retain provisional label and original-name anchor,PROVISIONAL,medium,no,P1,curation_review,WEB-CE-B17,
V1-ENT-0360,author,Rómulo Gallegos,罗慕洛·加列戈斯,罗慕洛·加列戈斯,provisional_title,CAND-B17-GALLEGOS-AUTHOR,working Chinese display label; no Chinese-edition claim,retain provisional label and original-name anchor,PROVISIONAL,medium,no,P1,curation_review,WEB-CE-B17,
V1-ENT-0361,work,Ciranda de pedra,《石头圆舞》,《石头圆舞》,provisional_title,CAND-B17-LYGIA-FAGUNDES-TELLES-61,working Chinese display label; no Chinese-edition claim,retain provisional label and original-name anchor,PROVISIONAL,medium,no,P1,curation_review,WEB-CE-B17,
V1-ENT-0362,collection,Antes do baile verde,《绿色舞会之前》,《绿色舞会之前》,provisional_title,CAND-B17-LYGIA-FAGUNDES-TELLES-62,working Chinese display label; no Chinese-edition claim,retain provisional label and original-name anchor,PROVISIONAL,medium,no,P1,curation_review,WEB-CE-B17,
V1-ENT-0363,work,As meninas,《姑娘们》,《姑娘们》,provisional_title,CAND-B17-LYGIA-FAGUNDES-TELLES-63,working Chinese display label; no Chinese-edition claim,retain provisional label and original-name anchor,PROVISIONAL,medium,no,P1,curation_review,WEB-CE-B17,
V1-ENT-0364,work,Huasipungo,《瓦西蓬戈》,《瓦西蓬戈》,provisional_title,CAND-B17-JORGE-ICAZA-64,working Chinese display label; no Chinese-edition claim,retain provisional label and original-name anchor,PROVISIONAL,medium,no,P1,curation_review,WEB-CE-B17,
V1-ENT-0365,work,En las calles,《在街头》,《在街头》,provisional_title,CAND-B17-JORGE-ICAZA-65,working Chinese display label; no Chinese-edition claim,retain provisional label and original-name anchor,PROVISIONAL,medium,no,P1,curation_review,WEB-CE-B17,
V1-ENT-0366,work,El chulla Romero y Flores,《乔洛·罗梅罗与弗洛雷斯》,《乔洛·罗梅罗与弗洛雷斯》,provisional_title,CAND-B17-JORGE-ICAZA-66,working Chinese display label; no Chinese-edition claim,retain provisional label and original-name anchor,PROVISIONAL,medium,no,P1,curation_review,WEB-CE-B17,
V1-ENT-0367,work,Doña Bárbara,《堂娜·芭芭拉》,《堂娜·芭芭拉》,provisional_title,CAND-B17-RÓMULO-GALLEGOS-67,working Chinese display label; no Chinese-edition claim,retain provisional label and original-name anchor,PROVISIONAL,medium,no,P1,curation_review,WEB-CE-B17,
V1-ENT-0368,work,Cantaclaro,《唱歌者》,《唱歌者》,provisional_title,CAND-B17-RÓMULO-GALLEGOS-68,working Chinese display label; no Chinese-edition claim,retain provisional label and original-name anchor,PROVISIONAL,medium,no,P1,curation_review,WEB-CE-B17,
V1-ENT-0369,work,Canaima,《卡奈玛》,《卡奈玛》,provisional_title,CAND-B17-RÓMULO-GALLEGOS-69,working Chinese display label; no Chinese-edition claim,retain provisional label and original-name anchor,PROVISIONAL,medium,no,P1,curation_review,WEB-CE-B17,
V1-ENT-0370,place,Buenos Aires,布宜诺斯艾利斯,布宜诺斯艾利斯,canonical_candidate,V1-FCT-0440;V1-FCT-0752;V1-FCT-0243,none,retain,PASS,high,no,P0,formal_public,legacy/master governance,
V1-ENT-0371,place,Montevideo,蒙得维的亚,蒙得维的亚,canonical_candidate,V1-FCT-0399;V1-FCT-0691,none,retain,PASS,high,no,P0,formal_public,legacy/master governance,
V1-ENT-0372,place,La Habana,哈瓦那,哈瓦那,canonical_candidate,V1-FCT-0534,none,retain,PASS,high,no,P0,formal_public,legacy/master governance,
V1-ENT-0373,place,Paris,巴黎,巴黎,canonical_candidate,V1-FCT-0241;V1-FCT-0243,none,retain,PASS,high,no,P0,formal_public,legacy/master governance,
