relationship_id,source_id
V1-REL-0001,SRC-0002
V1-REL-0002,SRC-0002
V1-REL-0003,SRC-0002
V1-REL-0004,SRC-0002
V1-REL-0005,SRC-0009
V1-REL-0006,SRC-0009
V1-REL-0007,SRC-0009
V1-REL-0008,SRC-0009
V1-REL-0009,SRC-0010
V1-REL-0010,SRC-0009
V1-REL-0011,SRC-0002
V1-REL-0012,SRC-0002
V1-REL-0013,SRC-0009
V1-REL-0014,SRC-0002
V1-REL-0015,SRC-0009
V1-REL-0015,SRC-0012
V1-REL-0016,SRC-0017
V1-REL-0017,SRC-0021
V1-REL-0018,SRC-0017
V1-REL-0019,SRC-0022
V1-REL-0020,SRC-0022
V1-REL-0021,SRC-0022
V1-REL-0022,SRC-0001
V1-REL-0022,SRC-0002
V1-REL-0022,SRC-0027
V1-REL-0023,SRC-0027
V1-REL-0024,SRC-0027
V1-REL-0025,SRC-0022
V1-REL-0026,SRC-0017
V1-REL-0027,SRC-0021
V1-REL-0028,SRC-0020
V1-REL-0029,SRC-0020
V1-REL-0030,SRC-0023
V1-REL-0031,SRC-0029
V1-REL-0032,SRC-0020
V1-REL-0033,SRC-0023
V1-REL-0034,SRC-0029
V1-REL-0035,SRC-0017
V1-REL-0036,SRC-0022
V1-REL-0037,SRC-0022
V1-REL-0038,SRC-0027
V1-REL-0039,SRC-0027
V1-REL-0040,SRC-0001
V1-REL-0040,SRC-0002
V1-REL-0040,SRC-0032
V1-REL-0041,SRC-0001
V1-REL-0041,SRC-0033
V1-REL-0042,SRC-0001
V1-REL-0042,SRC-0034
V1-REL-0043,SRC-0003
V1-REL-0043,SRC-0038
V1-REL-0044,SRC-0037
V1-REL-0045,SRC-0040
V1-REL-0046,SRC-0041
V1-REL-0047,SRC-0042
V1-REL-0048,SRC-0043
V1-REL-0049,SRC-0039
V1-REL-0050,SRC-0039
V1-REL-0051,SRC-0039
V1-REL-0052,SRC-0039
V1-REL-0053,SRC-0039
V1-REL-0054,SRC-0039
V1-REL-0055,SRC-0035
V1-REL-0056,SRC-0035
V1-REL-0057,SRC-0035
V1-REL-0058,SRC-0041
V1-REL-0059,SRC-0044
V1-REL-0060,SRC-0045
V1-REL-0061,SRC-0046
V1-REL-0062,SRC-0002
V1-REL-0062,SRC-0055
V1-REL-0063,SRC-0050
V1-REL-0064,SRC-0002
V1-REL-0064,SRC-0052
V1-REL-0065,SRC-0055
V1-REL-0066,SRC-0044
V1-REL-0067,SRC-0047
V1-REL-0068,SRC-0047
V1-REL-0069,SRC-0047
V1-REL-0070,SRC-0047
V1-REL-0071,SRC-0054
V1-REL-0072,SRC-0054
V1-REL-0073,SRC-0054
V1-REL-0074,SRC-0054
V1-REL-0074,SRC-0055
V1-REL-0075,SRC-0057
V1-REL-0076,SRC-0046
V1-REL-0076,SRC-0063
V1-REL-0077,SRC-0087
V1-REL-0077,SRC-0089
V1-REL-0078,SRC-0087
V1-REL-0078,SRC-0091
V1-REL-0080,SRC-0096
V1-REL-0080,SRC-0097
V1-REL-0081,SRC-0096
V1-REL-0081,SRC-0097
V1-REL-0082,SRC-0096
V1-REL-0082,SRC-0097
V1-REL-0083,SRC-0096
V1-REL-0084,SRC-0096
V1-REL-0085,SRC-0098
V1-REL-0085,SRC-0100
V1-REL-0086,SRC-0099
V1-REL-0086,SRC-0100
V1-REL-0087,SRC-0099
V1-REL-0087,SRC-0100
V1-REL-0088,SRC-0098
V1-REL-0088,SRC-0100
V1-REL-0089,SRC-0098
V1-REL-0090,SRC-0103
V1-REL-0091,SRC-0104
V1-REL-0092,SRC-0105
V1-REL-0093,SRC-0106
V1-REL-0094,SRC-0066
V1-REL-0095,SRC-0108
V1-REL-0096,SRC-0109
V1-REL-0097,SRC-0110
V1-REL-0098,SRC-0111
V1-REL-0099,SRC-0127
V1-REL-0100,SRC-0126
V1-REL-0101,SRC-0128
V1-REL-0102,SRC-0129
V1-REL-0103,SRC-0130
V1-REL-0104,SRC-0132
V1-REL-0105,SRC-0130
V1-REL-0106,SRC-0134
V1-REL-0107,SRC-0134
V1-REL-0108,SRC-0134
V1-REL-0109,SRC-0139
V1-REL-0110,SRC-0139
V1-REL-0111,SRC-0139
V1-REL-0112,SRC-0130
V1-REL-0113,SRC-0134
V1-REL-0114,SRC-0138
V1-REL-0115,SRC-0142
V1-REL-0116,SRC-0142
V1-REL-0117,SRC-0142
V1-REL-0118,SRC-0146
V1-REL-0119,SRC-0147
V1-REL-0120,SRC-0145
V1-REL-0121,SRC-0148
V1-REL-0122,SRC-0148
V1-REL-0123,SRC-0149
V1-REL-0124,SRC-0141
V1-REL-0125,SRC-0144
V1-REL-0126,SRC-0148
V1-REL-0128,SRC-0155
V1-REL-0129,SRC-0156
V1-REL-0130,SRC-0155
V1-REL-0131,SRC-0158
V1-REL-0132,SRC-0161
V1-REL-0133,SRC-0160
V1-REL-0134,SRC-0162
V1-REL-0135,SRC-0162
V1-REL-0136,SRC-0162
V1-REL-0137,SRC-0153
V1-REL-0138,SRC-0157
V1-REL-0139,SRC-0162
V1-REL-0140,SRC-0166
V1-REL-0141,SRC-0166
V1-REL-0142,SRC-0166
V1-REL-0143,SRC-0169
V1-REL-0144,SRC-0169
V1-REL-0145,SRC-0169
V1-REL-0146,SRC-0171
V1-REL-0146,SRC-0173
V1-REL-0147,SRC-0171
V1-REL-0147,SRC-0173
V1-REL-0148,SRC-0171
V1-REL-0148,SRC-0173
V1-REL-0149,SRC-0165
V1-REL-0150,SRC-0168
V1-REL-0151,SRC-0174
V1-REL-0152,SRC-0178
V1-REL-0153,SRC-0178
V1-REL-0154,SRC-0178
V1-REL-0155,SRC-0181
V1-REL-0156,SRC-0182
V1-REL-0157,SRC-0182
V1-REL-0158,SRC-0187
V1-REL-0159,SRC-0185
V1-REL-0160,SRC-0185
V1-REL-0161,SRC-0177
V1-REL-0162,SRC-0181
V1-REL-0163,SRC-0183
V1-REL-0164,SRC-0188
V1-REL-0165,SRC-0188
V1-REL-0166,SRC-0190
V1-REL-0167,SRC-0192
V1-REL-0168,SRC-0192
V1-REL-0169,SRC-0192
V1-REL-0170,SRC-0195
V1-REL-0171,SRC-0195
V1-REL-0172,SRC-0195
V1-REL-0173,SRC-0188
V1-REL-0174,SRC-0191
V1-REL-0175,SRC-0194
V1-REL-0176,SRC-0198
V1-REL-0177,SRC-0199
V1-REL-0178,SRC-0198
V1-REL-0179,SRC-0200
V1-REL-0180,SRC-0200
V1-REL-0181,SRC-0200
V1-REL-0182,SRC-0203
V1-REL-0183,SRC-0202
V1-REL-0184,SRC-0202
V1-REL-0185,SRC-0197
V1-REL-0186,SRC-0200
V1-REL-0187,SRC-0202
V1-REL-0188,SRC-0207
V1-REL-0189,SRC-0206
V1-REL-0190,SRC-0205
V1-REL-0191,SRC-0208
V1-REL-0192,SRC-0208
V1-REL-0193,SRC-0208
V1-REL-0194,SRC-0212
V1-REL-0195,SRC-0213
V1-REL-0196,SRC-0211
V1-REL-0197,SRC-0207
V1-REL-0198,SRC-0209
V1-REL-0199,SRC-0211
V1-REL-0200,SRC-0215
V1-REL-0201,SRC-0214
V1-REL-0202,SRC-0216
V1-REL-0203,SRC-0217
V1-REL-0204,SRC-0217
V1-REL-0205,SRC-0217
V1-REL-0206,SRC-0223
V1-REL-0207,SRC-0222
V1-REL-0208,SRC-0224
V1-REL-0209,SRC-0215
V1-REL-0210,SRC-0218
V1-REL-0211,SRC-0220
V1-REL-0212,SRC-0225
V1-REL-0213,SRC-0225
V1-REL-0214,SRC-0225
V1-REL-0215,SRC-0227
V1-REL-0216,SRC-0228
V1-REL-0217,SRC-0227
V1-REL-0218,SRC-0229
V1-REL-0219,SRC-0230
V1-REL-0220,SRC-0229
V1-REL-0221,SRC-0225
V1-REL-0222,SRC-0227
V1-REL-0223,SRC-0229
V1-REL-0224,SRC-0231
V1-REL-0225,SRC-0231
V1-REL-0226,SRC-0231
V1-REL-0227,SRC-0235
V1-REL-0228,SRC-0236
V1-REL-0229,SRC-0235
V1-REL-0230,SRC-0239
V1-REL-0230,SRC-0240
V1-REL-0231,SRC-0239
V1-REL-0231,SRC-0240
V1-REL-0232,SRC-0239
V1-REL-0232,SRC-0240
V1-REL-0233,SRC-0231
V1-REL-0234,SRC-0235
V1-REL-0235,SRC-0239
V1-REL-0236,SRC-0241
V1-REL-0237,SRC-0241
V1-REL-0238,SRC-0241
V1-REL-0239,SRC-0243
V1-REL-0240,SRC-0243
V1-REL-0241,SRC-0243
V1-REL-0242,SRC-0245
V1-REL-0243,SRC-0245
V1-REL-0244,SRC-0245
V1-REL-0245,SRC-0241
V1-REL-0246,SRC-0244
V1-REL-0247,SRC-0246
V1-REL-0248,SRC-0247
V1-REL-0248,SRC-0248
V1-REL-0249,SRC-0247
V1-REL-0249,SRC-0248
V1-REL-0250,SRC-0248
V1-REL-0251,SRC-0249
V1-REL-0251,SRC-0250
V1-REL-0252,SRC-0249
V1-REL-0252,SRC-0250
V1-REL-0253,SRC-0249
V1-REL-0253,SRC-0250
V1-REL-0254,SRC-0251
V1-REL-0255,SRC-0252
V1-REL-0255,SRC-0253
V1-REL-0256,SRC-0253
V1-REL-0257,SRC-0248
V1-REL-0258,SRC-0249
V1-REL-0258,SRC-0250
V1-REL-0259,SRC-0251
V1-REL-0259,SRC-0252
V1-REL-0260,SRC-0254
V1-REL-0260,SRC-0255
V1-REL-0261,SRC-0254
V1-REL-0262,SRC-0254
V1-REL-0263,SRC-0256
V1-REL-0263,SRC-0257
V1-REL-0264,SRC-0256
V1-REL-0264,SRC-0257
V1-REL-0265,SRC-0256
V1-REL-0265,SRC-0257
V1-REL-0266,SRC-0258
V1-REL-0266,SRC-0259
V1-REL-0267,SRC-0258
V1-REL-0267,SRC-0259
V1-REL-0268,SRC-0258
V1-REL-0268,SRC-0260
V1-REL-0269,SRC-0254
V1-REL-0270,SRC-0256
V1-REL-0271,SRC-0258
V1-REL-0271,SRC-0260
V1-REL-0272,SRC-0261
V1-REL-0272,SRC-0262
V1-REL-0273,SRC-0262
V1-REL-0274,SRC-0262
V1-REL-0275,SRC-0264
V1-REL-0276,SRC-0265
V1-REL-0277,SRC-0266
V1-REL-0278,SRC-0268
V1-REL-0279,SRC-0268
V1-REL-0279,SRC-0269
V1-REL-0280,SRC-0268
V1-REL-0280,SRC-0269
V1-REL-0281,SRC-0261
V1-REL-0281,SRC-0262
V1-REL-0282,SRC-0263
V1-REL-0283,SRC-0267
V1-REL-0283,SRC-0268
V1-REL-0284,SRC-0271
V1-REL-0285,SRC-0271
V1-REL-0286,SRC-0271
V1-REL-0287,SRC-0273
V1-REL-0287,SRC-0274
V1-REL-0288,SRC-0273
V1-REL-0288,SRC-0274
V1-REL-0289,SRC-0273
V1-REL-0289,SRC-0274
V1-REL-0290,SRC-0275
V1-REL-0290,SRC-0276
V1-REL-0291,SRC-0275
V1-REL-0292,SRC-0275
V1-REL-0292,SRC-0276
V1-REL-0293,SRC-0270
V1-REL-0293,SRC-0271
V1-REL-0294,SRC-0273
V1-REL-0294,SRC-0274
V1-REL-0295,SRC-0275
V1-REL-0295,SRC-0276
V1-REL-0296,SRC-0134
V1-REL-0297,SRC-0209
V1-REL-0298,SRC-0211
V1-REL-0299,SRC-0165
V1-REL-0300,SRC-0153
V1-REL-0301,SRC-0228
V1-REL-0302,SRC-0141
V1-REL-0303,SRC-0215
V1-REL-0304,SRC-0187
V1-REL-0305,SRC-0076
V1-REL-0306,SRC-0076
V1-REL-0307,SRC-0089
V1-REL-0307,SRC-0090
V1-REL-0308,SRC-0086
